-- phpMyAdmin SQL Dump
-- version 4.8.0
-- https://www.phpmyadmin.net/
--
-- Host: 127.0.0.1
-- Generation Time: May 04, 2023 at 02:59 PM
-- Server version: 10.1.31-MariaDB
-- PHP Version: 7.1.16

SET SQL_MODE = "NO_AUTO_VALUE_ON_ZERO";
SET AUTOCOMMIT = 0;
START TRANSACTION;
SET time_zone = "+00:00";


/*!40101 SET @OLD_CHARACTER_SET_CLIENT=@@CHARACTER_SET_CLIENT */;
/*!40101 SET @OLD_CHARACTER_SET_RESULTS=@@CHARACTER_SET_RESULTS */;
/*!40101 SET @OLD_COLLATION_CONNECTION=@@COLLATION_CONNECTION */;
/*!40101 SET NAMES utf8mb4 */;

--
-- Database: `hotel`
--

-- --------------------------------------------------------

--
-- Table structure for table `bil_table`
--

CREATE TABLE `bil_table` (
  `id` int(4) NOT NULL,
  `bill_number` text NOT NULL,
  `refernumber` text NOT NULL,
  `itemname_id` varchar(65) NOT NULL DEFAULT '',
  `category_id` varchar(65) NOT NULL DEFAULT '',
  `value` varchar(65) NOT NULL DEFAULT '',
  `total` varchar(65) NOT NULL DEFAULT '',
  `quantity` varchar(65) NOT NULL DEFAULT '',
  `cashier` varchar(65) NOT NULL DEFAULT '',
  `waiter` varchar(255) NOT NULL,
  `bill_type` varchar(65) NOT NULL DEFAULT '',
  `table_no` varchar(65) NOT NULL DEFAULT '',
  `temp_date` varchar(65) NOT NULL DEFAULT '',
  `payed` varchar(65) NOT NULL DEFAULT '',
  `payment_method_id` int(11) NOT NULL,
  `deliver_service` int(11) NOT NULL,
  `driver` int(11) DEFAULT NULL,
  `bill_delete` varchar(11) NOT NULL,
  `delet_by` varchar(11) NOT NULL
) ENGINE=InnoDB DEFAULT CHARSET=latin1;

--
-- Dumping data for table `bil_table`
--

INSERT INTO `bil_table` (`id`, `bill_number`, `refernumber`, `itemname_id`, `category_id`, `value`, `total`, `quantity`, `cashier`, `waiter`, `bill_type`, `table_no`, `temp_date`, `payed`, `payment_method_id`, `deliver_service`, `driver`, `bill_delete`, `delet_by`) VALUES
(42207, '0001', '', '239', '28', '500', '500', '0', '10', '', '2', '1', '2020-12-17 12:19:54 pm', '1', 3, 0, NULL, '0', ''),
(42208, '0001', '', '239', '28', '220', '220', '0', '10', '', '2', '1', '2020-12-17 12:19:54 pm', '1', 3, 0, NULL, '0', ''),
(42209, '0001', '', '239', '28', '70', '70', '0', '10', '', '2', '1', '2020-12-17 12:19:54 pm', '1', 3, 0, NULL, '0', ''),
(42210, '0002', '', '239', '28', '1200', '1200', '0', '10', '', '2', '1', '2020-12-17 01:18:19 pm', '1', 4, 0, NULL, '0', ''),
(42211, '0002', '', '239', '28', '200', '200', '0', '10', '', '2', '1', '2020-12-17 01:18:19 pm', '1', 4, 0, NULL, '0', ''),
(42212, '0002', '', '239', '28', '70', '70', '0', '10', '', '2', '1', '2020-12-17 01:18:19 pm', '1', 4, 0, NULL, '0', ''),
(42213, '0003', '', '13', '9', '500', '500', '1', '10', '', '1', '', '2020-12-17 01:20:43 pm', '1', 3, 0, NULL, '0', ''),
(42214, '0004', '', '14', '9', '300.00', '300', '1', '10', '', '1', '', '2020-12-17 01:24:45 pm', '1', 3, 0, NULL, '0', ''),
(42215, '0005', '', '239', '28', '2400', '2400', '0', '10', '', '2', '1', '2020-12-17 01:26:34 pm', '0', 3, 0, NULL, '0', ''),
(42216, '0006', '', '239', '28', '350', '350', '0', '10', '', '2', '1', '2020-12-17 01:38:46 pm', '0', 3, 0, NULL, '0', ''),
(42217, '0007', '', '14', '9', '300.00', '300', '1', '10', '', '1', '', '2020-12-17 01:48:27 pm', '1', 3, 0, NULL, '0', ''),
(42218, '0008', '', '239', '28', '360', '360', '0', '10', '', '2', '1', '2020-12-17 01:54:38 pm', '1', 3, 0, NULL, '0', ''),
(42219, '0008', '', '239', '28', '150', '150', '0', '10', '', '2', '1', '2020-12-17 01:54:38 pm', '1', 3, 0, NULL, '0', ''),
(42220, '0009', '', '239', '28', '400', '400', '0', '10', '', '2', '1', '2020-12-17 01:59:55 pm', '1', 3, 0, NULL, '0', ''),
(42221, '0009', '', '239', '28', '500', '500', '0', '10', '', '2', '1', '2020-12-17 01:59:55 pm', '1', 3, 0, NULL, '0', ''),
(42222, '0009', '', '239', '28', '70', '70', '0', '10', '', '2', '1', '2020-12-17 01:59:55 pm', '1', 3, 0, NULL, '0', ''),
(42223, '0010', '', '239', '28', '400', '400', '0', '10', '', '2', '1', '2020-12-17 02:00:46 pm', '0', 3, 0, NULL, '0', ''),
(42224, '0010', '', '239', '28', '400', '400', '0', '10', '', '2', '1', '2020-12-17 02:00:46 pm', '0', 3, 0, NULL, '0', ''),
(42225, '0011', '', '239', '28', '180', '180', '0', '10', '', '2', '1', '2020-12-17 02:02:37 pm', '0', 3, 0, NULL, '0', ''),
(42226, '0012', '', '14', '9', '300.00', '300', '1', '10', '', '1', '', '2020-12-17 02:11:33 pm', '1', 3, 0, NULL, '0', ''),
(42227, '0013', '', '239', '28', '530', '530', '0', '10', '', '2', '1', '2020-12-17 02:13:28 pm', '0', 3, 0, NULL, '0', ''),
(42228, '0014', '', '239', '28', '720', '720', '0', '10', '', '2', '1', '2020-12-17 02:15:44 pm', '0', 3, 0, NULL, '0', ''),
(42229, '0014', '', '239', '28', '600', '600', '0', '10', '', '2', '1', '2020-12-17 02:15:44 pm', '0', 3, 0, NULL, '0', ''),
(42230, '0015', '', '239', '28', '350', '350', '0', '10', '', '2', '1', '2020-12-17 02:21:41 pm', '1', 3, 0, NULL, '0', ''),
(42231, '0016', '', '239', '28', '400', '400', '0', '10', '', '2', '1', '2020-12-17 02:27:15 pm', '1', 3, 0, NULL, '0', ''),
(42232, '0017', '', '22', '9', '650.00', '650', '1', '10', '', '1', '', '2020-12-17 02:28:28 pm', '1', 3, 0, NULL, '0', ''),
(42233, '0018', '', '239', '28', '540', '540', '0', '10', '', '2', '1', '2020-12-17 02:29:11 pm', '1', 3, 0, NULL, '0', ''),
(42234, '0018', '', '239', '28', '200', '200', '0', '10', '', '2', '1', '2020-12-17 02:29:11 pm', '1', 3, 0, NULL, '0', ''),
(42235, '0018', '', '239', '28', '150', '150', '0', '10', '', '2', '1', '2020-12-17 02:29:11 pm', '1', 3, 0, NULL, '0', ''),
(42236, '0018', '', '239', '28', '20', '20', '0', '10', '', '2', '1', '2020-12-17 02:29:11 pm', '1', 3, 0, NULL, '0', ''),
(42237, '0019', '', '13', '9', '500', '500', '1', '10', '', '1', '', '2020-12-17 02:31:04 pm', '1', 3, 0, NULL, '0', ''),
(42238, '0020', '', '239', '28', '180', '180', '0', '10', '', '2', '1', '2020-12-17 02:31:30 pm', '0', 3, 0, NULL, '0', ''),
(42239, '0021', '', '239', '28', '360', '360', '0', '10', '', '2', '1', '2020-12-17 02:33:57 pm', '1', 3, 0, NULL, '0', ''),
(42240, '0021', '', '239', '28', '120', '120', '0', '10', '', '2', '1', '2020-12-17 02:33:57 pm', '1', 3, 0, NULL, '0', ''),
(42241, '0022', '', '239', '28', '200', '200', '0', '10', '', '2', '1', '2020-12-17 02:34:51 pm', '0', 3, 0, NULL, '0', ''),
(42242, '0023', '', '239', '28', '180', '180', '0', '10', '', '2', '1', '2020-12-17 02:38:35 pm', '1', 3, 0, NULL, '0', ''),
(42243, '0024', '', '239', '28', '1300', '1300', '0', '10', '', '2', '1', '2020-12-17 02:39:06 pm', '1', 3, 0, NULL, '0', ''),
(42244, '0024', '', '239', '28', '500', '500', '0', '10', '', '2', '1', '2020-12-17 02:39:06 pm', '1', 3, 0, NULL, '0', ''),
(42245, '0024', '', '239', '28', '150', '150', '0', '10', '', '2', '1', '2020-12-17 02:39:06 pm', '1', 3, 0, NULL, '0', ''),
(42246, '0025', '', '14', '9', '300.00', '300', '1', '10', '', '1', '', '2020-12-17 02:39:36 pm', '1', 3, 0, NULL, '0', ''),
(42247, '0026', '', '239', '28', '180', '180', '0', '10', '', '2', '1', '2020-12-17 02:42:14 pm', '0', 3, 0, NULL, '0', ''),
(42248, '0027', '', '239', '28', '420', '420', '0', '10', '', '2', '1', '2020-12-17 02:46:20 pm', '0', 3, 0, NULL, '0', ''),
(42249, '0028', '', '239', '28', '360', '360', '0', '10', '', '2', '1', '2020-12-17 02:47:53 pm', '0', 3, 0, NULL, '0', ''),
(42250, '0028', '', '239', '28', '120', '120', '0', '10', '', '2', '1', '2020-12-17 02:47:53 pm', '0', 3, 0, NULL, '0', ''),
(42251, '0028', '', '239', '28', '50', '50', '0', '10', '', '2', '1', '2020-12-17 02:47:53 pm', '0', 3, 0, NULL, '0', ''),
(42252, '0028', '', '239', '28', '50', '50', '0', '10', '', '2', '1', '2020-12-17 02:47:53 pm', '0', 3, 0, NULL, '0', ''),
(42253, '0028', '', '239', '28', '65', '65', '0', '10', '', '2', '1', '2020-12-17 02:47:53 pm', '0', 3, 0, NULL, '0', ''),
(42254, '0029', '', '239', '28', '650', '650', '0', '10', '', '2', '1', '2020-12-17 02:48:52 pm', '1', 3, 0, NULL, '0', ''),
(42255, '0029', '', '239', '28', '70', '70', '0', '10', '', '2', '1', '2020-12-17 02:48:52 pm', '1', 3, 0, NULL, '0', ''),
(42256, '0030', '145', '46', '10', '500.00', '500', '1', '10', '', '3', '', '2020-12-17 04:09:32 pm', '1', 5, 9, 9, '0', ''),
(42257, '0031', '2435', '44', '10', '350.00', '350', '1', '10', '', '3', '', '2020-12-17 06:20:20 pm', '1', 5, 9, 9, '0', ''),
(42258, '0032', '2720', '112', '14', '800', '800', '1', '10', '', '3', '', '2020-12-17 06:40:36 pm', '1', 5, 9, 9, '0', ''),
(42259, '0033', '', '81', '12', '650.00', '650', '1', '10', '', '1', '', '2020-12-17 06:56:07 pm', '1', 3, 0, NULL, '0', ''),
(42260, '0034', '', '239', '28', '300', '300', '0', '10', '', '2', '1', '2020-12-17 06:56:36 pm', '0', 3, 0, NULL, '0', ''),
(42261, '0034', '', '239', '28', '100', '100', '0', '10', '', '2', '1', '2020-12-17 06:56:36 pm', '0', 3, 0, NULL, '0', ''),
(42262, '0035', '', '22', '9', '650.00', '650', '1', '10', '', '1', '', '2020-12-17 07:07:42 pm', '1', 3, 0, NULL, '0', ''),
(42263, '0035', '', '23', '9', '500.00', '1000', '2', '10', '', '1', '', '2020-12-17 07:07:42 pm', '1', 3, 0, NULL, '0', ''),
(42264, '0035', '', '239', '28', '1200', '1200', '0', '10', '', '1', '', '2020-12-17 07:07:42 pm', '1', 3, 0, NULL, '0', ''),
(42265, '0036', '886', '91', '13', '550.00', '550', '1', '10', '', '3', '', '2020-12-17 07:08:12 pm', '1', 5, 10, 10, '0', ''),
(42266, '0037', '1d7', '117', '14', '950.00', '950', '1', '10', '', '3', '', '2020-12-17 07:13:05 pm', '1', 5, 10, 10, '0', ''),
(42267, '0038', '49d', '91', '13', '550.00', '550', '1', '10', '', '3', '', '2020-12-17 07:23:04 pm', '1', 5, 10, 10, '0', ''),
(42268, '0039', '', '239', '28', '50', '50', '0', '10', '', '2', '1', '2020-12-17 07:26:14 pm', '0', 3, 0, NULL, '0', ''),
(42269, '0040', '', '35', '10', '500', '500', '1', '10', '', '1', '', '2020-12-17 07:27:56 pm', '1', 4, 0, NULL, '0', ''),
(42270, '0041', '', '239', '28', '600', '600', '0', '10', '', '1', '', '2020-12-17 07:28:33 pm', '1', 3, 0, NULL, '0', ''),
(42271, '0042', '', '239', '28', '950', '950', '0', '10', '', '2', '1', '2020-12-17 07:30:41 pm', '0', 3, 0, NULL, '0', ''),
(42272, '0042', '', '239', '28', '200', '200', '0', '10', '', '2', '1', '2020-12-17 07:30:41 pm', '0', 3, 0, NULL, '0', ''),
(42273, '0043', '', '93', '13', '650.00', '1300', '2', '10', '', '1', '', '2020-12-17 07:31:33 pm', '1', 3, 0, NULL, '0', ''),
(42274, '0044', '', '239', '28', '380', '380', '0', '10', '', '2', '1', '2020-12-17 07:32:10 pm', '0', 3, 0, NULL, '0', ''),
(42275, '0045', '', '45', '10', '650.00', '650', '1', '10', '', '1', '', '2020-12-17 07:39:47 pm', '1', 3, 0, NULL, '0', ''),
(42276, '0046', '960', '60', '11', '400.00', '400', '1', '10', '', '3', '', '2020-12-17 07:40:43 pm', '1', 5, 10, 10, '0', ''),
(42277, '0047', '', '13', '9', '500', '500', '1', '10', '', '1', '', '2020-12-17 07:50:17 pm', '1', 3, 0, NULL, '0', ''),
(42278, '0048', '', '239', '28', '1040', '1040', '0', '10', '', '2', '1', '2020-12-17 07:56:13 pm', '0', 3, 0, NULL, '0', ''),
(42279, '0049', 'd02', '13', '9', '500', '500', '1', '10', '', '3', '', '2020-12-17 07:57:43 pm', '1', 5, 10, 10, '0', ''),
(42280, '0049', 'd02', '239', '28', '500', '500', '0', '10', '', '3', '', '2020-12-17 07:57:43 pm', '1', 5, 10, 10, '0', ''),
(42281, '0050', '', '112', '14', '800', '800', '1', '10', '', '1', '', '2020-12-17 08:00:31 pm', '1', 3, 0, NULL, '0', ''),
(42282, '0051', '', '239', '28', '150', '150', '0', '10', '', '2', '1', '2020-12-17 08:01:18 pm', '0', 3, 0, NULL, '0', ''),
(42283, '0052', '', '239', '28', '600', '600', '0', '10', '', '2', '1', '2020-12-17 08:01:48 pm', '1', 3, 0, NULL, '0', ''),
(42284, '0052', '', '239', '28', '70', '70', '0', '10', '', '2', '1', '2020-12-17 08:01:48 pm', '1', 3, 0, NULL, '0', ''),
(42285, '0052', '', '239', '28', '60', '60', '0', '10', '', '2', '1', '2020-12-17 08:01:48 pm', '1', 3, 0, NULL, '0', ''),
(42286, '0053', '', '239', '28', '1030', '1030', '0', '10', '', '2', '1', '2020-12-17 08:04:42 pm', '1', 3, 0, NULL, '0', ''),
(42287, '0054', '', '239', '28', '500', '500', '0', '10', '', '2', '1', '2020-12-17 08:07:00 pm', '0', 3, 0, NULL, '0', ''),
(42288, '0055', '', '13', '9', '500', '500', '1', '10', '', '1', '', '2020-12-17 08:15:02 pm', '1', 3, 0, NULL, '0', ''),
(42289, '0055', '', '35', '10', '500', '500', '1', '10', '', '1', '', '2020-12-17 08:15:02 pm', '1', 3, 0, NULL, '0', ''),
(42290, '0056', '', '58', '11', '450', '450', '1', '10', '', '1', '', '2020-12-17 08:15:15 pm', '1', 3, 0, NULL, '0', ''),
(42291, '0057', '', '14', '9', '300.00', '300', '1', '10', '', '1', '', '2020-12-17 08:17:59 pm', '1', 3, 0, NULL, '0', ''),
(42292, '0058', '', '239', '28', '100', '100', '0', '10', '', '2', '1', '2020-12-17 08:18:22 pm', '1', 3, 0, NULL, '0', ''),
(42293, '0058', '', '239', '28', '60', '60', '0', '10', '', '2', '1', '2020-12-17 08:18:22 pm', '1', 3, 0, NULL, '0', ''),
(42294, '0058', '', '239', '28', '120', '120', '0', '10', '', '2', '1', '2020-12-17 08:18:22 pm', '1', 3, 0, NULL, '0', ''),
(42295, '0058', '', '239', '28', '60', '60', '0', '10', '', '2', '1', '2020-12-17 08:18:22 pm', '1', 3, 0, NULL, '0', ''),
(42296, '0058', '', '239', '28', '70', '70', '0', '10', '', '2', '1', '2020-12-17 08:18:22 pm', '1', 3, 0, NULL, '0', ''),
(42297, '0059', '', '239', '28', '240', '240', '0', '10', '', '2', '1', '2020-12-17 08:31:29 pm', '0', 3, 0, NULL, '0', ''),
(42298, '0060', '', '35', '10', '500', '500', '1', '10', '', '1', '', '2020-12-17 08:31:44 pm', '1', 3, 0, NULL, '0', ''),
(42299, '0061', '', '36', '10', '300.00', '300', '1', '10', '', '1', '', '2020-12-17 08:33:03 pm', '1', 3, 0, NULL, '0', ''),
(42300, '0062', '', '239', '28', '50', '50', '0', '10', '', '2', '1', '2020-12-17 08:55:03 pm', '0', 3, 0, NULL, '0', ''),
(42301, '0062', '', '239', '28', '100', '100', '0', '10', '', '2', '1', '2020-12-17 08:55:03 pm', '0', 3, 0, NULL, '0', ''),
(42302, '0062', '', '239', '28', '60', '60', '0', '10', '', '2', '1', '2020-12-17 08:55:03 pm', '0', 3, 0, NULL, '0', ''),
(42303, '0062', '', '239', '28', '70', '70', '0', '10', '', '2', '1', '2020-12-17 08:55:03 pm', '0', 3, 0, NULL, '0', ''),
(42304, '0063', '', '239', '28', '175', '175', '0', '10', '', '2', '1', '2020-12-17 08:59:28 pm', '1', 3, 0, NULL, '0', ''),
(42305, '0063', '', '239', '28', '300', '300', '0', '10', '', '2', '1', '2020-12-17 08:59:28 pm', '1', 3, 0, NULL, '0', ''),
(42306, '0063', '', '239', '28', '50', '50', '0', '10', '', '2', '1', '2020-12-17 08:59:28 pm', '1', 3, 0, NULL, '0', ''),
(42307, '0063', '', '239', '28', '100', '100', '0', '10', '', '2', '1', '2020-12-17 08:59:28 pm', '1', 3, 0, NULL, '0', ''),
(42308, '0063', '', '239', '28', '50', '50', '0', '10', '', '2', '1', '2020-12-17 08:59:28 pm', '1', 3, 0, NULL, '0', ''),
(42309, '0063', '', '239', '28', '20', '20', '0', '10', '', '2', '1', '2020-12-17 08:59:28 pm', '1', 3, 0, NULL, '0', ''),
(42310, '0064', '', '239', '28', '250', '250', '0', '10', '', '2', '1', '2020-12-17 08:59:59 pm', '1', 3, 0, NULL, '0', ''),
(42311, '0065', '60b', '23', '9', '500.00', '500', '1', '10', '', '3', '', '2020-12-17 09:01:49 pm', '1', 5, 10, 10, '0', ''),
(42312, '0066', '', '239', '28', '200', '200', '0', '10', '', '2', '1', '2020-12-17 09:02:02 pm', '1', 3, 0, NULL, '0', ''),
(42313, '0067', '', '239', '28', '200', '200', '0', '10', '', '2', '1', '2020-12-17 09:02:30 pm', '0', 3, 0, NULL, '0', ''),
(42314, '0068', '', '239', '28', '250', '250', '0', '10', '', '2', '1', '2020-12-17 09:05:37 pm', '0', 3, 0, NULL, '0', ''),
(42315, '0069', '', '239', '28', '220', '220', '0', '10', '', '2', '1', '2020-12-17 09:05:49 pm', '1', 3, 0, NULL, '0', ''),
(42316, '0070', '', '96', '13', '450.00', '450', '1', '10', '', '2', '1', '2020-12-17 09:12:29 pm', '0', 3, 0, NULL, '0', ''),
(42317, '0070', '', '239', '28', '120', '120', '0', '10', '', '2', '1', '2020-12-17 09:12:29 pm', '0', 3, 0, NULL, '0', ''),
(42318, '0071', '', '14', '9', '300.00', '300', '1', '10', '', '1', '', '2020-12-17 09:12:41 pm', '1', 3, 0, NULL, '0', ''),
(42319, '0072', '', '14', '9', '300.00', '300', '1', '10', '', '1', '', '2020-12-17 09:18:04 pm', '1', 3, 0, NULL, '0', ''),
(42320, '0072', '', '36', '10', '300.00', '300', '1', '10', '', '1', '', '2020-12-17 09:18:04 pm', '1', 3, 0, NULL, '0', ''),
(42321, '0073', '', '239', '28', '100', '100', '0', '10', '', '2', '1', '2020-12-17 09:20:12 pm', '1', 3, 0, NULL, '0', ''),
(42322, '0073', '', '239', '28', '300', '300', '0', '10', '', '2', '1', '2020-12-17 09:20:12 pm', '1', 3, 0, NULL, '0', ''),
(42323, '0073', '', '239', '28', '50', '50', '0', '10', '', '2', '1', '2020-12-17 09:20:12 pm', '1', 3, 0, NULL, '0', ''),
(42324, '0073', '', '239', '28', '20', '20', '0', '10', '', '2', '1', '2020-12-17 09:20:12 pm', '1', 3, 0, NULL, '0', ''),
(42325, '0074', '', '239', '28', '1050', '1050', '0', '10', '', '2', '1', '2020-12-17 09:30:36 pm', '1', 3, 0, NULL, '0', ''),
(42326, '0074', '', '239', '28', '150', '150', '0', '10', '', '2', '1', '2020-12-17 09:30:36 pm', '1', 3, 0, NULL, '0', ''),
(42327, '0074', '', '239', '28', '150', '150', '0', '10', '', '2', '1', '2020-12-17 09:30:36 pm', '1', 3, 0, NULL, '0', ''),
(42328, '0075', '', '14', '9', '300.00', '300', '1', '10', '', '1', '', '2020-12-17 09:32:34 pm', '1', 3, 0, NULL, '0', ''),
(42329, '0076', '', '239', '28', '650', '650', '0', '10', '', '2', '1', '2020-12-17 09:34:49 pm', '1', 3, 0, NULL, '0', ''),
(42330, '0076', '', '239', '28', '120', '120', '0', '10', '', '2', '1', '2020-12-17 09:34:49 pm', '1', 3, 0, NULL, '0', ''),
(42331, '0076', '', '239', '28', '300', '300', '0', '10', '', '2', '1', '2020-12-17 09:34:49 pm', '1', 3, 0, NULL, '0', ''),
(42332, '0077', '', '22', '9', '650.00', '650', '1', '10', '', '1', '', '2020-12-17 09:36:16 pm', '1', 3, 0, NULL, '0', ''),
(42333, '0077', '', '23', '9', '500.00', '500', '1', '10', '', '1', '', '2020-12-17 09:36:16 pm', '1', 3, 0, NULL, '0', ''),
(42334, '0078', '', '239', '28', '250', '250', '0', '10', '', '2', '1', '2020-12-17 09:39:19 pm', '1', 3, 0, NULL, '0', ''),
(42335, '0078', '', '239', '28', '20', '20', '0', '10', '', '2', '1', '2020-12-17 09:39:19 pm', '1', 3, 0, NULL, '0', ''),
(42336, '0078', '', '239', '28', '250', '250', '0', '10', '', '2', '1', '2020-12-17 09:39:19 pm', '1', 3, 0, NULL, '0', ''),
(42337, '0079', '', '239', '28', '300', '300', '0', '10', '', '2', '1', '2020-12-17 09:46:19 pm', '1', 3, 0, NULL, '0', ''),
(42338, '0079', '', '239', '28', '20', '20', '0', '10', '', '2', '1', '2020-12-17 09:46:19 pm', '1', 3, 0, NULL, '0', ''),
(42339, '0079', '', '239', '28', '60', '60', '0', '10', '', '2', '1', '2020-12-17 09:46:19 pm', '1', 3, 0, NULL, '0', ''),
(42340, '0079', '', '239', '28', '130', '130', '0', '10', '', '2', '1', '2020-12-17 09:46:19 pm', '1', 3, 0, NULL, '0', ''),
(42341, '0080', '4de', '73', '12', '500.00', '500', '1', '10', '', '3', '', '2020-12-17 09:47:58 pm', '1', 5, 10, 10, '0', ''),
(42342, '0081', '', '91', '13', '550.00', '6600', '12', '10', '', '2', '1', '2023-05-01 09:43:32 pm', '0', 4, 0, NULL, '0', ''),
(42343, '0081', '', '95', '13', '600.00', '13800', '23', '10', '', '2', '1', '2023-05-01 09:43:32 pm', '0', 4, 0, NULL, '0', ''),
(42344, '0082', '', '13', '9', '500', '500', '1', '10', '', '1', '', '2023-05-03 08:12:12 pm', '1', 3, 0, NULL, '0', ''),
(42345, '0083', '', '145', '17', '20', '0', '2', '10', '', '1', '', '2023-05-03 08:13:08 pm', '1', 3, 0, NULL, '0', ''),
(42346, '0084', '', '91', '13', '550.00', '550', '1', '10', '', '1', '', '2023-05-03 08:17:19 pm', '1', 3, 0, NULL, '0', ''),
(42347, '0085', '', '93', '13', '650.00', '650', '1', '10', '', '1', '', '2023-05-03 08:22:17 pm', '1', 3, 0, NULL, '0', ''),
(42348, '0086', '', '129', '15', '40.00', '40', '1', '10', '', '1', '', '2023-05-03 08:23:35 pm', '1', 3, 0, NULL, '0', ''),
(42349, '0087', '', '137', '16', '40.00', '40', '1', '10', '', '1', '', '2023-05-03 08:24:48 pm', '1', 3, 0, NULL, '0', ''),
(42350, '0088', '', '91', '13', '550.00', '550', '1', '10', '', '1', '', '2023-05-03 08:26:44 pm', '1', 3, 0, NULL, '0', ''),
(42351, '0088', '', '93', '13', '650.00', '650', '1', '10', '', '1', '', '2023-05-03 08:26:44 pm', '1', 3, 0, NULL, '0', ''),
(42352, '0089', '', '93', '13', '650.00', '650', '1', '10', '', '1', '', '2023-05-03 08:27:20 pm', '1', 3, 0, NULL, '0', ''),
(42353, '0090', '', '129', '15', '40.00', '40', '1', '10', '', '1', '', '2023-05-03 09:09:32 pm', '1', 3, 0, NULL, '0', ''),
(42354, '0091', '', '73', '12', '500.00', '500', '1', '10', '', '1', '', '2023-05-03 09:09:53 pm', '1', 3, 0, NULL, '0', ''),
(42355, '0092', '', '127', '15', '50.00', '50', '1', '10', '', '1', '', '2023-05-03 09:20:54 pm', '1', 3, 0, NULL, '0', ''),
(42356, '0093', '', '95', '13', '600.00', '600', '1', '10', '', '1', '', '2023-05-03 09:31:56 pm', '1', 3, 0, NULL, '0', ''),
(42357, '0094', '', '95', '13', '600.00', '600', '1', '10', '', '1', '', '2023-05-03 09:32:26 pm', '1', 3, 0, NULL, '0', ''),
(42358, '0095', '', '91', '13', '550.00', '550', '1', '10', '', '1', '', '2023-05-03 09:34:38 pm', '1', 3, 0, NULL, '0', ''),
(42359, '0096', '', '91', '13', '550.00', '550', '1', '10', '', '1', '', '2023-05-03 09:35:07 pm', '1', 3, 0, NULL, '0', ''),
(42360, '0097', '', '73', '12', '500.00', '500', '1', '10', '', '1', '', '2023-05-03 09:37:18 pm', '1', 3, 0, NULL, '0', ''),
(42361, '0098', '', '73', '12', '500.00', '500', '1', '10', '', '1', '', '2023-05-03 09:38:33 pm', '1', 3, 0, NULL, '0', ''),
(42362, '0099', '', '75', '12', '600.00', '600', '1', '10', '', '1', '', '2023-05-03 09:39:21 pm', '1', 3, 0, NULL, '0', ''),
(42363, '0100', '', '91', '13', '550.00', '550', '1', '10', '', '1', '', '2023-05-03 09:47:20 pm', '1', 3, 0, NULL, '0', ''),
(42364, '0101', '', '91', '13', '550.00', '550', '1', '10', '', '1', '', '2023-05-03 09:47:20 pm', '1', 3, 0, NULL, '0', ''),
(42365, '0102', '', '91', '13', '550.00', '550', '1', '10', '', '1', '', '2023-05-03 09:49:02 pm', '1', 3, 0, NULL, '0', ''),
(42366, '0103', '', '91', '13', '550.00', '550', '1', '10', '', '1', '', '2023-05-03 09:50:46 pm', '1', 5, 0, NULL, '0', ''),
(42367, '0104', '', '147', '17', '4.00', '4', '1', '10', '', '1', '', '2023-05-03 09:52:23 pm', '1', 3, 0, NULL, '0', ''),
(42368, '0105', '', '91', '13', '550.00', '550', '1', '10', '', '1', '', '2023-05-03 09:54:40 pm', '1', 3, 0, NULL, '0', ''),
(42369, '0106', '', '147', '17', '4.00', '4', '1', '10', '', '1', '', '2023-05-03 09:55:55 pm', '1', 3, 0, NULL, '0', ''),
(42370, '0107', '', '73', '12', '500.00', '1000', '2', '10', '', '1', '', '2023-05-03 09:56:51 pm', '1', 3, 0, NULL, '0', ''),
(42371, '0108', '', '91', '13', '550.00', '550', '1', '10', '', '1', '', '2023-05-03 09:57:18 pm', '1', 3, 0, NULL, '0', ''),
(42372, '0109', '', '91', '13', '550.00', '550', '1', '10', '', '1', '', '2023-05-03 09:58:24 pm', '1', 3, 0, NULL, '0', ''),
(42373, '0110', '', '91', '13', '550.00', '550', '1', '10', '', '1', '', '2023-05-03 09:59:35 pm', '1', 3, 0, NULL, '0', ''),
(42374, '0111', '', '127', '15', '50.00', '50', '1', '10', '', '1', '', '2023-05-03 10:01:33 pm', '1', 3, 0, NULL, '0', ''),
(42375, '0112', '', '145', '17', '20', '20', '1', '10', '', '1', '', '2023-05-03 10:02:51 pm', '1', 3, 0, NULL, '0', ''),
(42376, '0113', '', '167', '19', '150.00', '150', '1', '10', '', '1', '', '2023-05-03 10:04:12 pm', '1', 3, 0, NULL, '0', ''),
(42377, '0114', '', '73', '12', '500.00', '500', '1', '10', '', '1', '', '2023-05-03 10:07:26 pm', '1', 3, 0, NULL, '0', ''),
(42378, '0115', '', '91', '13', '550.00', '550', '1', '10', '', '2', '1', '2023-05-03 10:08:00 pm', '0', 3, 0, NULL, '0', ''),
(42379, '0116', '8909', '95', '13', '600.00', '600', '1', '10', '', '3', '', '2023-05-03 10:08:27 pm', '1', 3, 9, 9, '0', ''),
(42380, '0116', '8909', '91', '13', '550.00', '550', '1', '10', '', '3', '', '2023-05-03 10:08:27 pm', '1', 3, 9, 9, '0', '');

-- --------------------------------------------------------

--
-- Table structure for table `categories`
--

CREATE TABLE `categories` (
  `categories_id` int(4) NOT NULL,
  `categories_name` varchar(65) NOT NULL DEFAULT '',
  `oder` text,
  `states` varchar(255) DEFAULT NULL,
  `date_time` varchar(65) NOT NULL DEFAULT '',
  `adby` varchar(65) NOT NULL DEFAULT '',
  `lastUpdate` varchar(255) NOT NULL
) ENGINE=InnoDB DEFAULT CHARSET=latin1;

--
-- Dumping data for table `categories`
--

INSERT INTO `categories` (`categories_id`, `categories_name`, `oder`, `states`, `date_time`, `adby`, `lastUpdate`) VALUES
(9, 'Rice', '01', 'Active', '2020-05-29 09:38:17 am', '1', ''),
(10, 'Koththu Rotti', '02', 'Active', '2020-05-29 09:40:27 am', '1', ''),
(11, 'String Hoppers', '04', 'Active', '2020-05-29 09:40:36 am', '1', ''),
(12, 'Noodles', '03', 'Active', '2020-05-29 09:40:45 am', '1', ''),
(13, 'Dolphin', '05', 'Active', '2020-05-29 09:40:53 am', '1', ''),
(14, 'Chees', '06', 'Active', '2020-05-29 09:41:04 am', '1', ''),
(15, 'Tea', '07', 'Active', '2020-05-29 09:41:12 am', '1', ''),
(16, 'Short Eats', '08', 'Active', '2020-05-29 09:41:20 am', '1', ''),
(17, 'Rotti', '09', 'Active', '2020-05-29 09:41:28 am', '1', ''),
(18, 'Rice & Curry', '10', 'Active', '2020-05-29 09:41:36 am', '1', ''),
(19, 'Curries', '11', 'Active', '2020-05-29 09:41:46 am', '1', ''),
(20, 'Devil', '12', 'Active', '2020-05-29 09:41:53 am', '1', ''),
(21, 'Juice', '13', 'Active', '2020-05-29 09:42:01 am', '1', ''),
(22, 'Soft Drinks', '14', 'Active', '2020-05-29 09:42:09 am', '1', ''),
(23, 'Sweet', '15', 'Active', '2020-05-29 09:42:16 am', '1', ''),
(24, 'Bakery', '16', 'Active', '2020-05-29 09:42:31 am', '1', ''),
(25, 'Biriyani', '17', 'Active', '2020-05-29 09:42:43 am', '1', ''),
(26, 'Others', NULL, 'Active', '2020-06-12 11:09:29 am', 'Indika', ''),
(27, 'Smoking', '19', 'Active', '2020-06-11 08:20:31 pm', 'MJiffry', ''),
(28, 'Grocery Items', NULL, 'Active', '2020-07-25 07:49:10 am', 'Indika', '');

-- --------------------------------------------------------

--
-- Table structure for table `deliver_service`
--

CREATE TABLE `deliver_service` (
  `deliver_id` int(4) NOT NULL,
  `deliver_service_name` varchar(65) NOT NULL DEFAULT '',
  `deliver_image` varchar(65) NOT NULL DEFAULT '',
  `diliver_cost` text,
  `status` int(11) NOT NULL
) ENGINE=InnoDB DEFAULT CHARSET=latin1;

--
-- Dumping data for table `deliver_service`
--

INSERT INTO `deliver_service` (`deliver_id`, `deliver_service_name`, `deliver_image`, `diliver_cost`, `status`) VALUES
(9, 'Pick Me', '20200527122415.jpg', '0', 1),
(10, 'Uber East', '20200527122528.jpg', '0', 1),
(12, 'Negambo Deliver Service', '20200529060300.jpg', '00', 1);

-- --------------------------------------------------------

--
-- Table structure for table `drive`
--

CREATE TABLE `drive` (
  `drive_id` int(4) NOT NULL,
  `drive_name` varchar(65) NOT NULL DEFAULT ''
) ENGINE=InnoDB DEFAULT CHARSET=latin1;

--
-- Dumping data for table `drive`
--

INSERT INTO `drive` (`drive_id`, `drive_name`) VALUES
(7, 'Pick Me'),
(8, 'Uber Est'),
(9, 'D-1');

-- --------------------------------------------------------

--
-- Table structure for table `items`
--

CREATE TABLE `items` (
  `itemname_id` int(4) NOT NULL,
  `itemname_name` varchar(65) NOT NULL DEFAULT '',
  `person` text NOT NULL,
  `values` text NOT NULL,
  `category_id` int(11) NOT NULL,
  `adby` text NOT NULL,
  `datetime` varchar(65) NOT NULL DEFAULT '',
  `image` varchar(65) NOT NULL DEFAULT '',
  `status` varchar(65) NOT NULL DEFAULT ''
) ENGINE=InnoDB DEFAULT CHARSET=latin1;

--
-- Dumping data for table `items`
--

INSERT INTO `items` (`itemname_id`, `itemname_name`, `person`, `values`, `category_id`, `adby`, `datetime`, `image`, `status`) VALUES
(13, 'Chicken Rice Full', '2', '500', 9, '1', '2020-05-29 09:50:41 am', '20200529095041.jpg', 'Active'),
(14, 'Chicken Rice Half', '1', '300.00', 9, '1', '2020-05-29 09:51:34 am', '20200529095134.jpg', 'Active'),
(15, 'Rost Chicken Rice Full', '2', '600.00', 9, '1', '2020-05-29 09:54:50 am', '20200529095450.jpg', 'Active'),
(16, 'Rost Chicken Rice Half', '1', '400', 9, '1', '2020-05-29 09:55:18 am', '20200529095518.jpg', 'Active'),
(17, 'Beef Chicken Mix Rice Full', '2', '550.00', 9, '1', '2020-05-29 09:56:56 am', '20200529095656.jpg', 'Active'),
(18, 'Beef Chicken Mix Rice Half', '1', '350.00', 9, '1', '2020-05-29 09:57:34 am', '20200529095734.jpg', 'Active'),
(19, 'Beef Rice Full', '2', '550', 9, '1', '2020-05-29 09:59:03 am', '20200529095903.jpg', 'Active'),
(20, 'Beef Rice Half', '1', '350.00', 9, '1', '2020-05-29 09:59:27 am', '20200529095927.jpg', 'Active'),
(22, 'Mix Rice Full', '2', '650.00', 9, '1', '2020-05-29 10:01:34 am', '20200529100134.jpg', 'Active'),
(23, 'Mix Rice Half', '1', '500.00', 9, '1', '2020-05-29 10:02:05 am', '20200529100205.jpg', 'Active'),
(24, 'Special Mix Rice Full', '2', '1000.00', 9, '1', '2020-05-29 10:03:09 am', '20200529100309.jpg', 'Active'),
(25, 'Special Mix Rice Half', '1', '800.00', 9, '1', '2020-05-29 10:03:33 am', '20200529100333.jpg', 'Active'),
(26, 'Sea Food Rice Full', '2', '650.00', 9, '1', '2020-05-29 10:06:22 am', '20200529100622.jpg', 'Active'),
(27, 'Sea Food Rice Half', '1', '500.00', 9, '1', '2020-05-29 10:07:07 am', '20200529100707.jpg', 'Active'),
(29, 'Egg Rice Full', '2', '350.00', 9, '1', '2020-05-29 10:08:59 am', '20200529100859.jpg', 'Active'),
(30, 'Egg Rice Half', '1', '250.00', 9, '1', '2020-05-29 10:09:26 am', '20200529100926.jpg', 'Active'),
(31, 'Vegetable Rice Full', '2', '250.00', 9, '1', '2020-05-29 10:10:59 am', '20200529101059.jpg', 'Active'),
(32, 'Vegetable Rice Half', '1', '200.00', 9, '1', '2020-05-29 10:11:28 am', '20200529101128.jpg', 'Active'),
(35, 'Chicken Koththu Rotti Full', '2', '500', 10, '1', '2020-05-29 10:17:37 am', '20200529101737.jpg', 'Active'),
(36, 'Chicken Koththu Rotti Half', '1', '300.00', 10, '1', '2020-05-29 10:18:36 am', '20200529101836.jpg', 'Active'),
(37, 'Rost Chicken  Koththu Rotti Full', '2', '600.00', 10, '1', '2020-05-29 10:23:55 am', '20200529102355.jpg', 'Active'),
(38, 'Rost Chicken  Koththu Rotti Half', '1', '400', 10, '1', '2020-05-29 10:25:00 am', '20200529102500.jpg', 'Active'),
(39, 'Beef Chicken Mix  Koththu Rotti Full', '2', '550.00', 10, '1', '2020-05-29 10:26:59 am', '20200529102659.jpg', 'Active'),
(40, 'Beef Chicken Mix  Koththu Rotti Half', '1', '350.00', 10, '1', '2020-05-29 10:27:21 am', '20200529102721.jpg', 'Active'),
(43, 'Beef  Koththu Rotti Full', '2', '550', 10, '1', '2020-05-29 10:34:52 am', '20200529103452.jpg', 'Active'),
(44, 'Beef  Koththu Rotti Half', '1', '350.00', 10, '1', '2020-05-29 10:35:18 am', '20200529103518.jpg', 'Active'),
(45, 'Mix  Koththu Rotti Full', '2', '650.00', 10, '1', '2020-05-29 10:39:39 am', '20200529103939.jpg', 'Active'),
(46, 'Mix  Koththu Rotti Half', '1', '500.00', 10, '1', '2020-05-29 10:40:06 am', '20200529104006.jpg', 'Active'),
(47, 'Special Mix Koththu Rotti Full', '2', '1000.00', 10, '1', '2020-05-29 10:41:37 am', '20200529104137.jpg', 'Active'),
(48, 'Special Mix Koththu Rotti Half', '1', '800.00', 10, '1', '2020-05-29 10:43:16 am', '20200529104316.jpg', 'Active'),
(49, 'Sea Food Koththu Rotti Full', '2', '650.00', 10, '1', '2020-05-29 10:44:45 am', '20200529104445.jpg', 'Active'),
(50, 'Sea Food Koththu Rotti Half', '1', '500.00', 10, '1', '2020-05-29 10:45:07 am', '20200529104507.jpg', 'Active'),
(51, 'Egg Koththu Rotti Full', '2', '350.00', 10, '1', '2020-05-29 10:46:14 am', '20200529104614.jpg', 'Active'),
(52, 'Egg Koththu Rotti Half', '1', '250.00', 10, '1', '2020-05-29 10:47:32 am', '20200529104732.jpg', 'Active'),
(53, 'Vegetable Koththu Rotti Full', '2', '250.00', 10, '1', '2020-05-29 10:48:49 am', '20200529104849.jpg', 'Active'),
(54, 'Vegetable Koththu Rotti Half', '1', '200.00', 10, '1', '2020-05-29 10:49:22 am', '20200529104922.jpg', 'Active'),
(55, 'String Hoppers Chicken Full', '2', '550.00', 11, '1', '2020-05-29 10:56:06 am', '20200529105606.jpg', 'Active'),
(56, 'String Hoppers Chicken Half', '1', '350.00', 11, '1', '2020-05-29 10:57:09 am', '20200529105709.jpg', 'Active'),
(57, 'Rost Chicken  String Hoppers  Full', '2', '650.00', 11, '1', '2020-05-29 10:59:29 am', '20200529105929.jpg', 'Active'),
(58, 'Rost Chicken  String Hoppers  Half', '1', '450', 11, '1', '2020-05-29 10:59:55 am', '20200529105955.jpg', 'Active'),
(59, 'Beef Chicken Mix  String Hoppers  Full', '2', '600.00', 11, '1', '2020-05-29 11:02:06 am', '20200529110206.jpg', 'Active'),
(60, 'Beef Chicken Mix  String Hoppers  Half', '1', '400.00', 11, '1', '2020-05-29 11:02:26 am', '20200529110226.jpg', 'Active'),
(61, 'Beef  String Hoppers  Full', '2', '550', 11, '1', '2020-05-29 11:04:15 am', '20200529110522.jpg', 'Active'),
(62, 'Beef  String Hoppers  Half', '1', '350.00', 11, '1', '2020-05-29 11:05:55 am', '20200529110555.jpg', 'Active'),
(63, 'Mix String Hoppers  Full', '2', '700.00', 11, '1', '2020-05-29 11:10:07 am', '20200529111007.jpg', 'Active'),
(64, 'Mix String Hoppers  Half', '1', '500.00', 11, '1', '2020-05-29 11:10:41 am', '20200529111041.jpg', 'Active'),
(65, 'Special Mix String Hoppers  Full', '2', '1000.00', 11, '1', '2020-05-29 11:13:35 am', '20200529111335.jpg', 'Active'),
(66, 'Special Mix String Hoppers  Half', '1', '800.00', 11, '1', '2020-05-29 11:14:02 am', '20200529111402.jpg', 'Active'),
(67, 'Sea Food String Hoppers Full', '2', '650.00', 11, '1', '2020-05-29 11:25:18 am', '20200529112518.jpg', 'Active'),
(68, 'Sea Food String Hoppers Half', '1', '500.00', 11, '1', '2020-05-29 11:25:47 am', '20200529112547.jpg', 'Active'),
(69, 'Egg String Hoppers Full', '2', '350.00', 11, '1', '2020-05-29 11:29:02 am', '20200529112902.jpg', 'Active'),
(70, 'Egg String Hoppers Half', '1', '250.00', 11, '1', '2020-05-29 11:29:25 am', '20200529112925.jpg', 'Active'),
(71, 'Vegetable String Hoppers Full', '2', '250.00', 11, '1', '2020-05-29 11:30:29 am', '20200529113029.jpg', 'Active'),
(72, 'Vegetable String Hoppers Half', '1', '200.00', 11, '1', '2020-05-29 11:30:49 am', '20200529113049.jpg', 'Active'),
(73, 'Chicken Noodles Full', '2', '500.00', 12, '1', '2020-05-29 11:37:18 am', '20200529113718.jpg', 'Active'),
(74, 'Chicken Noodles Half', '1', '300.00', 12, '1', '2020-05-29 11:37:45 am', '20200529113745.jpg', 'Active'),
(75, 'Rost Chicken  Noodles Full', '2', '600.00', 12, '1', '2020-05-29 11:38:44 am', '20200529113844.jpg', 'Active'),
(76, 'Rost Chicken  Noodles Half', '1', '400', 12, '1', '2020-05-29 11:39:11 am', '20200529113911.jpg', 'Active'),
(77, 'Beef Chicken Mix  Noodles Full', '2', '550.00', 12, '1', '2020-05-29 11:40:06 am', '20200529114006.jpg', 'Active'),
(78, 'Beef Chicken Mix  Noodles Half', '1', '350.00', 12, '1', '2020-05-29 11:43:23 am', '20200529114323.jpg', 'Active'),
(79, 'Beef Noodles Full', '2', '550.00', 12, '1', '2020-05-29 11:44:49 am', '20200529114449.jpg', 'Active'),
(80, 'Beef Noodles Half', '1', '350.00', 12, '1', '2020-05-29 11:45:13 am', '20200529114513.jpg', 'Active'),
(81, 'Mix Noodles Full', '2', '650.00', 12, '1', '2020-05-29 11:46:14 am', '20200529114614.jpg', 'Active'),
(82, 'Mix Noodles Half', '1', '500.00', 12, '1', '2020-05-29 11:47:05 am', '20200529114705.jpg', 'Active'),
(83, 'Special Mix Noodles Full', '2', '1000.00', 12, '1', '2020-05-29 11:48:20 am', '20200529114820.jpg', 'Active'),
(84, 'Special Mix Noodles Half', '1', '800.00', 12, '1', '2020-05-29 11:48:53 am', '20200529114853.jpg', 'Active'),
(85, 'Sea Food Noodles Full', '2', '650.00', 12, '1', '2020-05-29 11:50:11 am', '20200529115011.jpg', 'Active'),
(86, 'Sea Food Noodles Half', '1', '500.00', 12, '1', '2020-05-29 11:50:33 am', '20200529115033.jpg', 'Active'),
(87, 'Egg Noodles Full', '2', '350.00', 12, '1', '2020-05-29 11:52:17 am', '20200529115217.jpg', 'Active'),
(88, 'Egg Noodles Half', '1', '250.00', 12, '1', '2020-05-29 11:52:46 am', '20200529115246.jpg', 'Active'),
(89, 'Vegetable Noodles Full', '2', '250.00', 12, '1', '2020-05-29 11:55:14 am', '20200529115514.jpg', 'Active'),
(90, 'Vegetable Noodles Half', '1', '200.00', 12, '1', '2020-05-29 11:55:37 am', '20200529115537.jpg', 'Active'),
(91, 'Chicken Dolphin Full', '2', '550.00', 13, '1', '2020-05-29 12:02:14 pm', 'download.jpg', 'Active'),
(92, 'Chicken Dolphin Half', '1', '400', 13, '1', '2020-05-29 12:02:45 pm', 'download.jpg', 'Active'),
(93, 'Rost Chicken  Dolphin Full', '2', '650.00', 13, '1', '2020-05-29 12:08:44 pm', '20200529120844.jpg', 'Active'),
(94, 'Rost Chicken  Dolphin Half', '1', '500.00', 13, '1', '2020-05-29 12:09:12 pm', '20200529120912.jpg', 'Active'),
(95, 'Beef Chicken Mix  Dolphin Full', '1', '600.00', 13, '1', '2020-05-29 12:10:37 pm', '20200529121037.jpg', 'Active'),
(96, 'Beef Chicken Mix  Dolphin Half', '1', '450.00', 13, '1', '2020-05-29 12:10:57 pm', '20200529121057.jpg', 'Active'),
(97, 'Beef Dolphin Full', '2', '550.00', 13, '1', '2020-05-29 12:14:57 pm', '20200529121457.jpg', 'Active'),
(98, 'Beef Dolphin Half', '1', '400.00', 13, '1', '2020-05-29 12:15:29 pm', '20200529121529.jpg', 'Active'),
(99, 'Mix Dolphin Full', '2', '700.00', 13, '1', '2020-05-29 12:16:43 pm', '20200529121643.jpg', 'Active'),
(100, 'Mix Dolphin Half', '1', '550.00', 13, '1', '2020-05-29 12:17:09 pm', '20200529121709.jpg', 'Active'),
(101, 'Special Mix Dolphin Full', '2', '1050', 13, '1', '2020-05-29 12:18:54 pm', '20200529121854.jpg', 'Active'),
(102, 'Special Mix Dolphin Half', '1', '850.00', 13, '1', '2020-05-29 12:19:14 pm', '20200529121914.jpg', 'Active'),
(103, 'Sea Food Dolphin Full', '2', '700.00', 13, '1', '2020-05-29 12:20:30 pm', '20200529122030.jpg', 'Active'),
(104, 'Sea Food Dolphin Half', '2', '550.00', 13, '1', '2020-05-29 12:20:59 pm', '20200529122059.jpg', 'Active'),
(105, 'Egg Dolphin Full', '1', '400.00', 13, '1', '2020-05-29 12:22:10 pm', '20200529122210.jpg', 'Active'),
(106, 'Egg Dolphin Half', '1', '300.00', 13, '1', '2020-05-29 12:22:34 pm', '20200529122234.jpg', 'Active'),
(107, 'Vegetable Dolphin Full', '2', '300.00', 13, '1', '2020-05-29 12:25:10 pm', '20200529122510.jpg', 'Active'),
(108, 'Vegetable Dolphin Half', '1', '250.00', 13, '1', '2020-05-29 12:26:23 pm', '20200529122623.jpg', 'Active'),
(109, 'Chicken Chees Koththu Rotti Full', '2', '800', 14, '1', '2020-05-29 12:29:14 pm', '20200529122914.jpg', 'Active'),
(110, 'Chicken Chees Koththu Rotti Half', '2', '700', 14, '1', '2020-05-29 12:30:42 pm', '20200529123042.jpg', 'Active'),
(111, 'Rost Chicken Chees Koththu Rotti Full', '2', '900', 14, '1', '2020-05-29 12:32:52 pm', '20200529123252.jpg', 'Active'),
(112, 'Rost Chicken Chees Koththu Rotti Half', '1', '800', 14, '1', '2020-05-29 12:33:28 pm', '20200529123328.jpg', 'Active'),
(113, 'Beef Chicken Mix Chees Koththu Full', '2', '850.00', 14, '1', '2020-05-29 12:41:20 pm', '20200529124120.jpg', 'Active'),
(114, 'Beef Chicken Mix Chees Koththu Half', '1', '750', 14, '1', '2020-05-29 12:42:07 pm', '20200529124207.jpg', 'Active'),
(115, 'Beef Chees Koththu Full', '2', '800.00', 14, '1', '2020-05-29 12:46:00 pm', '20200529124600.jpg', 'Active'),
(116, 'Beef Chees Koththu Half', '1', '650.00', 14, '1', '2020-05-29 12:46:23 pm', '20200529124623.jpg', 'Active'),
(117, 'Mix Chees Koththu Full', '2', '950.00', 14, '1', '2020-05-29 12:47:48 pm', '20200529124748.jpg', 'Active'),
(118, 'Mix Chees Koththu Half', '2', '750.00', 14, '1', '2020-05-29 12:48:11 pm', '20200529124811.jpg', 'Active'),
(119, 'Special Chees Koththu Full', '2', '1200.00', 14, '1', '2020-05-29 01:00:24 pm', '20200529010326.jpg', 'Active'),
(120, 'Special Chees Koththu Half', '1', '950.00', 14, '1', '2020-05-29 01:02:33 pm', '20200529010233.jpg', 'Active'),
(121, 'Sea Food Chees Koththu Full', '2', '900.00', 14, '1', '2020-05-29 01:06:39 pm', '20200529010639.jpg', 'Active'),
(122, 'Sea Food Chees Koththu Half', '1', '750.00', 14, '1', '2020-05-29 01:07:02 pm', '20200529010702.jpg', 'Active'),
(123, 'Egg Chees Koththu Full', '1', '550.00', 14, '1', '2020-05-29 01:08:10 pm', '20200529010810.jpg', 'Active'),
(124, 'Egg Chees Koththu Half', '1', '450.00', 14, '1', '2020-05-29 01:08:41 pm', '20200529010841.jpg', 'Active'),
(125, 'Vegetable Chees Koththu Full', '1', '450.00', 14, '1', '2020-05-29 01:09:33 pm', '20200529010933.jpg', 'Active'),
(126, 'Vegetable Chees Koththu Half', '1', '350.00', 14, '1', '2020-05-29 01:09:51 pm', '20200529010951.jpg', 'Active'),
(127, 'Milk Tea', '1', '50.00', 15, '1', '2020-05-29 01:26:58 pm', '20200529012658.jpg', 'Active'),
(128, 'Plane Tea', '1', '20.00', 15, '1', '2020-05-29 01:28:16 pm', '20200529012816.jpg', 'Active'),
(129, 'Coffee', '1', '40.00', 15, '1', '2020-05-29 01:29:00 pm', '20200529012900.jpg', 'Active'),
(130, 'Nestomolt', '1', '60.00', 15, '1', '2020-05-29 01:29:42 pm', '20200529012942.jpg', 'Active'),
(131, 'Milo', '1', '60.00', 15, '1', '2020-05-29 01:30:45 pm', '20200529013156.jpg', 'Active'),
(132, 'Horlicks', '1', '60.00', 15, '1', '2020-05-29 01:33:36 pm', '20200529013336.jpg', 'Active'),
(133, 'Ice Coffee', '1', '250.00', 15, '1', '2020-05-29 01:34:54 pm', '20200529013454.jpg', 'Active'),
(134, 'Nest Coffee', '1', '60.00', 15, '1', '2020-05-29 01:35:44 pm', '20200529013544.jpg', 'Active'),
(135, 'Chicken Roti', '1', '60.00', 16, '1', '2020-05-29 01:36:59 pm', '20200529013659.jpg', 'Active'),
(136, 'Beef Roti', '1', '60', 16, '1', '2020-05-29 01:37:48 pm', '20200529013748.jpg', 'Active'),
(137, 'Vegetable Rotti', '1', '40.00', 16, '1', '2020-05-29 01:40:14 pm', '20200529014014.jpg', 'Active'),
(138, 'Chicken Rolls', '1', '50.00', 16, '1', '2020-05-29 01:40:53 pm', '20200529014053.jpg', 'Active'),
(139, 'Egg Rolls', '1', '50.00', 16, '1', '2020-05-29 01:41:40 pm', '20200529014140.jpg', 'Active'),
(140, 'Beef Samsa', '1', '30.00', 16, '1', '2020-05-29 01:42:42 pm', '20200529014242.jpg', 'Active'),
(141, 'Cutlets', '1', '40.00', 16, '1', '2020-05-29 01:43:17 pm', '20200529014317.jpg', 'Active'),
(142, 'Uludu Wada', '1', '50.00', 16, '1', '2020-05-29 01:44:28 pm', '20200529014428.jpg', 'Active'),
(143, 'Dall Wada', '1', '40.00', 16, '1', '2020-05-29 01:45:17 pm', '20200529014517.jpg', 'Active'),
(144, 'Sawarma Roll', '1', '100.00', 16, '1', '2020-05-29 01:46:07 pm', '20200529014607.jpg', 'Active'),
(145, 'Parata Rotti', '1', '20', 17, '1', '2020-05-29 01:47:45 pm', '20200529014745.jpg', 'Active'),
(146, 'Egg Parata Rotti', '1', '50', 17, '1', '2020-05-29 01:48:30 pm', '20200529014830.jpg', 'Active'),
(147, 'String Hoppers', '1', '4.00', 17, '1', '2020-05-29 01:49:08 pm', '20200529014908.jpg', 'Active'),
(148, 'Hoppers', '1', '20.00', 17, '1', '2020-05-29 01:51:02 pm', '20200529015102.jpg', 'Active'),
(149, 'Egg Hoppers', '1', '50.00', 17, '1', '2020-05-29 01:51:41 pm', '20200529015141.jpg', 'Active'),
(150, 'Pittu', '1', '40.00', 17, '1', '2020-05-29 01:52:23 pm', '20200529015223.jpg', 'Active'),
(151, 'Gee Parata', '1', '60.00', 17, '1', '2020-05-29 01:53:08 pm', '20200529015308.jpg', 'Active'),
(152, 'Cheese Egg Parata', '1', '120.00', 17, '1', '2020-05-29 01:53:45 pm', '20200529015345.jpg', 'Active'),
(153, 'Chicken Rice & Curry Full', '1', '200.00', 18, '1', '2020-05-29 01:57:34 pm', '20200529015734.jpg', 'Active'),
(154, 'Chicken Rice & Curry Half', '1', '160.00', 18, '1', '2020-05-29 01:57:54 pm', '20200529015754.jpg', 'Active'),
(155, 'Beef Rice & Curry Full', '1', '200.00', 18, '1', '2020-05-29 02:00:29 pm', '20200529020029.jpg', 'Active'),
(156, 'Beef Rice & Curry Half', '1', '160.00', 18, '1', '2020-05-29 02:01:02 pm', '20200529020102.jpg', 'Active'),
(157, 'Fish Rice & Curry Full', '1', '200.00', 18, '1', '2020-05-29 02:04:55 pm', '20200529020455.jpg', 'Active'),
(158, 'Fish Rice & Curry Half', '1', '160.00', 18, '1', '2020-05-29 02:05:14 pm', '20200529020514.jpg', 'Active'),
(159, 'Egg Rice & Curry Full', '1', '200.00', 18, '1', '2020-05-29 02:06:59 pm', '20200529020659.jpg', 'Active'),
(160, 'Egg Rice & Curry Half', '1', '160.00', 18, '1', '2020-05-29 02:15:54 pm', '20200529021554.jpg', 'Active'),
(161, 'Vegetable Rice & Curry Full', '1', '160.00', 18, '1', '2020-05-29 02:08:03 pm', '20200529020803.jpg', 'Active'),
(162, 'Vegetable Rice & Curry Half', '1', '120.00', 18, '1', '2020-05-29 02:08:24 pm', '20200529020824.jpg', 'Active'),
(163, 'Bag Pack Rice & Curry Full', '1', '500.00', 18, '1', '2020-05-29 02:10:07 pm', '20200529021007.jpg', 'Active'),
(164, 'Bag Pack Rice & Curry Half', '1', '350.00', 18, '1', '2020-05-29 02:10:26 pm', '20200529021026.jpg', 'Active'),
(165, 'Chicken Curry', '1', '150.00', 19, '1', '2020-05-29 03:20:10 pm', '20200529032010.jpg', 'Active'),
(166, 'Beef Curry', '1', '200.00', 19, '1', '2020-05-29 03:22:14 pm', '20200529032214.jpg', 'Active'),
(167, 'Fish Curry', '1', '150.00', 19, '1', '2020-05-29 03:23:03 pm', '20200529032303.jpg', 'Active'),
(168, 'Egg Curry', '1', '70.00', 19, '1', '2020-05-29 03:23:55 pm', '20200529032355.jpg', 'Active'),
(169, 'Dhall Curry', '1', '50.00', 19, '1', '2020-05-29 03:24:28 pm', '20200529032428.jpg', 'Active'),
(170, 'Chicken Parts Curry', '1', '150.00', 19, '1', '2020-05-29 03:31:35 pm', '20200529033135.jpg', 'Active'),
(171, 'Babath Curry', '1', '200.00', 19, '1', '2020-05-29 03:32:25 pm', '20200529033225.jpg', 'Active'),
(172, 'Omelette Curry', '1', '60.00', 19, '1', '2020-05-29 03:33:11 pm', '20200529033311.jpg', 'Active'),
(173, 'Cuttle Fish Curry', '1', '250.00', 19, '1', '2020-05-29 03:34:09 pm', '20200529033409.jpg', 'Active'),
(174, 'Prawn Curry', '1', '250.00', 19, '1', '2020-05-29 03:35:15 pm', '20200529033515.jpg', 'Active'),
(175, 'Dry Fish Curry', '1', '100.00', 19, '1', '2020-05-29 03:36:12 pm', '20200529033612.jpg', 'Active'),
(176, 'Beef Devils Curry', '1', '250.00', 19, '1', '2020-05-29 03:36:57 pm', '20200529033657.jpg', 'Active'),
(177, 'Gravy Curry', '1', '50.00', 19, '1', '2020-05-29 03:37:35 pm', '20200529033735.jpg', 'Active'),
(178, 'Chicken Devil Full', '1', '1200.00', 20, '1', '2020-05-29 03:50:17 pm', '20200529035017.jpg', 'Active'),
(179, 'Chicken Devil Half', '1', '600.00', 20, '1', '2020-05-29 03:50:35 pm', '20200529035035.jpg', 'Active'),
(180, 'Beef Devil Full', '1', '600.00', 20, '1', '2020-05-29 03:51:19 pm', '20200529035119.jpg', 'Active'),
(181, 'Beef Devil Half', '1', '300.00', 20, '1', '2020-05-29 03:51:41 pm', '20200529035141.jpg', 'Active'),
(182, 'Sea Food Devil  Full', '1', '700.00', 20, '1', '2020-05-29 03:52:27 pm', '20200529035227.jpg', 'Active'),
(183, 'Sea Food Devil  Half', '1', '350.00', 20, '1', '2020-05-29 03:52:44 pm', '20200529035244.jpg', 'Active'),
(184, 'Fish Devil Full', '1', '700.00', 20, '1', '2020-05-29 03:54:13 pm', '20200529035413.jpg', 'Active'),
(185, 'Fish Devil Half', '1', '350.00', 20, '1', '2020-05-29 03:54:45 pm', '20200529035445.jpg', 'Active'),
(186, 'Cuttle Fish Devil Full', '1', '700.00', 20, '1', '2020-05-29 03:56:07 pm', '20200529035607.jpg', 'Active'),
(187, 'Cuttle Fish Devil Half', '1', '350.00', 20, '1', '2020-05-29 03:56:26 pm', '20200529035626.jpg', 'Active'),
(188, 'Prawn Devil Full', '1', '800.00', 20, '1', '2020-05-29 03:57:38 pm', '20200529035738.jpg', 'Active'),
(189, 'Prawn Devil Half', '1', '400.00', 20, '1', '2020-05-29 03:57:55 pm', '20200529035755.jpg', 'Active'),
(190, 'Sausage Devil Full', '1', '500.00', 20, '1', '2020-05-29 03:58:49 pm', '20200529035849.jpg', 'Active'),
(191, 'Sausage Devil Half', '1', '300.00', 20, '1', '2020-05-29 03:59:25 pm', '20200529035925.jpg', 'Active'),
(192, 'Roast Chicken Fry  Devil Full', '1', '1000.00', 20, '1', '2020-05-29 04:00:19 pm', '20200529040019.jpg', 'Active'),
(193, 'Roast Chicken Fry  Devil Half', '1', '500.00', 20, '1', '2020-05-29 04:00:43 pm', '20200529040043.jpg', 'Active'),
(194, 'Beef Fry Devil Full', '1', '200.00', 20, '1', '2020-05-29 04:01:45 pm', '20200529040145.jpg', 'Active'),
(195, 'Chicken Paalandi Devil Half', '1', '700.00', 20, '1', '2020-05-29 04:02:40 pm', '20200529040240.jpg', 'Active'),
(196, 'Chicken Paalandi Devil Full', '1', '1300.00', 20, '1', '2020-05-29 04:35:33 pm', '20200529043533.jpg', 'Active'),
(197, 'Beef Paalandi Devil Full', '1', '700.00', 20, '1', '2020-05-29 04:38:25 pm', '20200529043825.jpg', 'Active'),
(198, 'Beef Paalandi Devil Half', '1', '400.00', 20, '1', '2020-05-29 04:38:46 pm', '20200529043846.jpg', 'Active'),
(199, 'Chicken Masala Devil Full', '1', '1200.00', 20, '1', '2020-05-29 04:39:34 pm', '20200529043934.jpg', 'Active'),
(200, 'Chicken Masala Devil Half', '1', '600.00', 20, '1', '2020-05-29 04:40:56 pm', '20200529044056.jpg', 'Active'),
(201, 'Beef Masala Devil Full', '1', '600.00', 20, '1', '2020-05-29 04:41:46 pm', '20200529044146.jpg', 'Active'),
(202, 'Beef Masala Devil Half', '1', '300.00', 20, '1', '2020-05-29 04:42:15 pm', '20200529044215.jpg', 'Active'),
(203, 'Fruit Salad', '1', '200.00', 21, '1', '2020-05-29 04:45:18 pm', '20200529044518.jpg', 'Active'),
(204, 'Watalapan', '1', '100.00', 21, '1', '2020-05-29 04:45:58 pm', '20200529044558.jpg', 'Active'),
(205, 'Orange Juice', '1', '200.00', 21, '1', '2020-05-29 04:46:56 pm', '20200529044656.jpg', 'Active'),
(206, 'Papaya Juice', '1', '200.00', 21, '1', '2020-05-29 04:48:26 pm', '20200529044826.jpg', 'Active'),
(207, 'Mango Juice', '1', '200.00', 21, '1', '2020-05-29 04:49:10 pm', '20200529044910.jpg', 'Active'),
(208, 'Watermelon  Juice', '1', '200.00', 21, '1', '2020-05-29 04:49:44 pm', '20200529044944.jpg', 'Active'),
(209, 'Pineapple  Juice', '1', '200.00', 21, '1', '2020-05-29 04:50:26 pm', '20200529045026.jpg', 'Active'),
(210, 'Avacado  Juice', '1', '200.00', 21, '1', '2020-05-29 04:51:03 pm', '20200529045103.jpg', 'Active'),
(211, 'Apple  Juice', '1', '200.00', 21, '1', '2020-05-29 04:52:19 pm', '20200529045219.jpg', 'Active'),
(212, 'Lemon Juice', '1', '100.00', 21, '1', '2020-05-29 04:53:17 pm', '20200529045317.jpg', 'Active'),
(213, 'Wood Apple Juice', '1', '200.00', 21, '1', '2020-05-29 04:54:03 pm', '20200529045403.jpg', 'Active'),
(214, 'Pomogranate Juice', '1', '400.00', 21, '1', '2020-05-29 04:54:42 pm', '20200529045442.jpg', 'Active'),
(215, 'Faluda  Juice', '1', '200.00', 21, '1', '2020-05-29 04:55:20 pm', '20200529045520.jpg', 'Active'),
(216, 'Water Bottle 200ml', '1', '40.00', 22, '1', '2020-05-29 04:58:08 pm', '20200529045808.jpg', 'Active'),
(217, 'Milk Packet', '1', '10.00', 22, '1', '2020-05-29 04:59:19 pm', '20200529045919.jpg', 'Active'),
(218, 'Red Bull', '1', '10.00', 22, '1', '2020-05-29 04:59:59 pm', '20200529045959.jpg', 'Active'),
(219, 'Elephant House', '1', '10.00', 22, '1', '2020-05-29 05:00:29 pm', '20200529050029.jpg', 'Active'),
(220, 'Coca Cola', '1', '10.00', 22, '1', '2020-05-29 05:00:58 pm', '20200529050058.jpg', 'Active'),
(221, 'Pepsi', '1', '10.00', 22, '1', '2020-05-29 05:07:17 pm', '20200529050717.jpg', 'Active'),
(222, 'Burfi', '1', '10.00', 23, '1', '2020-05-29 05:08:14 pm', '20200529050814.jpg', 'Active'),
(223, 'Gulab Jamun', '1', '10.00', 23, '1', '2020-05-29 05:09:01 pm', '20200529050901.jpg', 'Active'),
(224, 'Masket', '1', '10.00', 23, '1', '2020-05-29 05:09:55 pm', '20200529050955.jpg', 'Active'),
(225, 'Bread', '1', '60.00', 24, '1', '2020-05-29 05:10:43 pm', '20200529051043.jpg', 'Active'),
(226, 'Fish Bun', '1', '40.00', 24, '1', '2020-05-29 05:11:35 pm', '20200529051135.jpg', 'Active'),
(227, 'Plane Bun', '1', '30.00', 24, '1', '2020-05-29 05:12:43 pm', '20200529051243.jpg', 'Active'),
(228, 'Sausage Bun', '1', '120.00', 24, '1', '2020-05-29 05:13:44 pm', '20200529051344.jpg', 'Active'),
(229, 'Burger', '1', '100.00', 24, '1', '2020-05-29 05:16:56 pm', '20200529051656.jpg', 'Active'),
(230, 'Pastry', '1', '60.00', 24, '1', '2020-05-29 05:17:35 pm', '20200529051735.jpg', 'Active'),
(231, 'Chicken Biriyani Full', '1', '450.00', 25, '1', '2020-05-29 05:18:32 pm', '20200529051832.jpg', 'Active'),
(232, 'Chicken Biriyani Half', '1', '350.00', 25, '1', '2020-05-29 05:19:13 pm', '20200529051913.jpg', 'Active'),
(233, 'Beef Biriyani Full', '1', '450.00', 25, '1', '2020-05-29 05:20:32 pm', '20200529052032.jpg', 'Active'),
(234, 'Beef Biriyani Half', '1', '350.00', 25, '1', '2020-05-29 05:21:07 pm', '20200529052107.jpg', 'Active'),
(235, 'Fish Biriyani Full', '1', '450.00', 25, '1', '2020-05-29 05:22:01 pm', '20200529052201.jpg', 'Active'),
(236, 'Fish Biriyani Half', '1', '350.00', 25, '1', '2020-05-29 05:22:18 pm', '20200529052218.jpg', 'Active'),
(237, 'Egg Biriyani Full', '1', '350.00', 25, '1', '2020-05-29 05:22:57 pm', '20200529052257.jpg', 'Active'),
(238, 'Egg Biriyani Half', '1', '250.00', 25, '1', '2020-05-29 05:23:33 pm', '20200529052333.jpg', 'Active'),
(239, 'Others', '1', '0', 28, 'Indika', '2020-06-12 11:09:47 am', '', 'Active'),
(240, 'Golif one', '0', '65', 27, 'MJiffry', '2020-06-11 08:22:00 pm', '', 'Active'),
(241, 'Golif one Pack', '0', '1300', 27, 'MJiffry', '2020-06-11 08:24:25 pm', '', 'Active'),
(243, 'Dunhill', '1', '70', 27, 'Indika', '2020-06-15 06:54:16 pm', '', 'Active'),
(244, 'Dunhill pack', '1', '1400', 27, 'Indika', '2020-06-15 06:54:27 pm', '', 'Active'),
(245, 'Grocery Items', '1', '0', 28, 'Indika', '2020-07-25 07:49:43 am', '', 'Active');

-- --------------------------------------------------------

--
-- Table structure for table `kot`
--

CREATE TABLE `kot` (
  `id` int(4) NOT NULL,
  `print_ip` varchar(65) NOT NULL DEFAULT '',
  `print_port` varchar(65) NOT NULL DEFAULT '',
  `print_status` varchar(65) NOT NULL DEFAULT ''
) ENGINE=InnoDB DEFAULT CHARSET=utf8mb4;

--
-- Dumping data for table `kot`
--

INSERT INTO `kot` (`id`, `print_ip`, `print_port`, `print_status`) VALUES
(1, '192.168.1.111', '9100', '1');

-- --------------------------------------------------------

--
-- Table structure for table `payment_method`
--

CREATE TABLE `payment_method` (
  `payment_method_id` int(4) NOT NULL,
  `payment_name` varchar(65) NOT NULL DEFAULT '',
  `states` int(11) DEFAULT NULL,
  `oder` int(11) NOT NULL
) ENGINE=InnoDB DEFAULT CHARSET=latin1;

--
-- Dumping data for table `payment_method`
--

INSERT INTO `payment_method` (`payment_method_id`, `payment_name`, `states`, `oder`) VALUES
(3, 'Cash', 1, 1),
(4, 'Card', 1, 4),
(5, 'Bank', 1, 2),
(6, 'Pending', 1, 3);

-- --------------------------------------------------------

--
-- Table structure for table `shop_setting`
--

CREATE TABLE `shop_setting` (
  `id` int(4) NOT NULL,
  `shop_name` varchar(65) NOT NULL DEFAULT '',
  `shop_addres` text NOT NULL,
  `shop_tp` varchar(65) NOT NULL DEFAULT ''
) ENGINE=InnoDB DEFAULT CHARSET=latin1;

--
-- Dumping data for table `shop_setting`
--

INSERT INTO `shop_setting` (`id`, `shop_name`, `shop_addres`, `shop_tp`) VALUES
(1, 'Negombo Hotel', '366,chilaw road,periyamulla,negombo', '0312222561/0774080100');

-- --------------------------------------------------------

--
-- Table structure for table `sum_bill`
--

CREATE TABLE `sum_bill` (
  `id` int(4) NOT NULL,
  `bill_number` varchar(65) NOT NULL DEFAULT '',
  `refernumber` text NOT NULL,
  `total_bill` varchar(65) NOT NULL DEFAULT '',
  `bill_type` int(11) NOT NULL,
  `table_no` text NOT NULL,
  `pay_bill` int(11) NOT NULL,
  `bill_date` varchar(65) NOT NULL DEFAULT '',
  `cashier` int(11) NOT NULL,
  `waiter` varchar(255) NOT NULL,
  `payment_method_id` int(11) NOT NULL,
  `deliver_service` int(11) NOT NULL,
  `driver` int(11) DEFAULT NULL,
  `bill_delete` int(11) DEFAULT NULL,
  `delet_by` varchar(11) NOT NULL,
  `print_bill` int(11) DEFAULT NULL
) ENGINE=InnoDB DEFAULT CHARSET=latin1;

--
-- Dumping data for table `sum_bill`
--

INSERT INTO `sum_bill` (`id`, `bill_number`, `refernumber`, `total_bill`, `bill_type`, `table_no`, `pay_bill`, `bill_date`, `cashier`, `waiter`, `payment_method_id`, `deliver_service`, `driver`, `bill_delete`, `delet_by`, `print_bill`) VALUES
(25315, '0001', '', '790', 2, '1', 1, '2020-12-17 12:19:54 pm', 10, 'W7', 3, 0, NULL, 0, '', 0),
(25316, '0002', '', '1470', 2, '1', 1, '2020-12-17 01:18:19 pm', 10, 'W5', 4, 0, NULL, 0, '', 0),
(25317, '0003', '', '500', 1, '', 1, '2020-12-17 01:20:43 pm', 10, '', 3, 0, NULL, 0, '', 0),
(25318, '0004', '', '300', 1, '', 1, '2020-12-17 01:24:45 pm', 10, '', 3, 0, NULL, 0, '', 0),
(25319, '0005', '', '2400', 2, '1', 0, '2020-12-17 01:26:34 pm', 10, 'TAKE_AWAY_Bill', 3, 0, NULL, 0, '', 0),
(25320, '0006', '', '350', 2, '1', 0, '2020-12-17 01:38:46 pm', 10, 'TAKE_AWAY_Bill', 3, 0, NULL, 0, '', 0),
(25321, '0007', '', '300', 1, '', 1, '2020-12-17 01:48:27 pm', 10, '', 3, 0, NULL, 0, '', 0),
(25322, '0008', '', '510', 2, '1', 1, '2020-12-17 01:54:38 pm', 10, 'W5', 3, 0, NULL, 0, '', 0),
(25323, '0009', '', '970', 2, '1', 1, '2020-12-17 01:59:55 pm', 10, 'W5', 3, 0, NULL, 0, '', 0),
(25324, '0010', '', '800', 2, '1', 0, '2020-12-17 02:00:46 pm', 10, 'TAKE_AWAY_Bill', 3, 0, NULL, 0, '', 0),
(25325, '0011', '', '180', 2, '1', 0, '2020-12-17 02:02:37 pm', 10, 'TAKE_AWAY_Bill', 3, 0, NULL, 0, '', 0),
(25326, '0012', '', '300', 1, '', 1, '2020-12-17 02:11:33 pm', 10, '', 3, 0, NULL, 0, '', 0),
(25327, '0013', '', '530', 2, '1', 0, '2020-12-17 02:13:28 pm', 10, 'W9', 3, 0, NULL, 0, '', 0),
(25328, '0014', '', '1320', 2, '1', 0, '2020-12-17 02:15:44 pm', 10, 'w6', 3, 0, NULL, 0, '', 0),
(25329, '0015', '', '350', 2, '1', 1, '2020-12-17 02:21:41 pm', 10, 'W5', 3, 0, NULL, 0, '', 0),
(25330, '0016', '', '400', 2, '1', 1, '2020-12-17 02:27:15 pm', 10, 'W8', 3, 0, NULL, 0, '', 0),
(25331, '0017', '', '650', 1, '', 1, '2020-12-17 02:28:28 pm', 10, '', 3, 0, NULL, 0, '', 0),
(25332, '0018', '', '910', 2, '1', 1, '2020-12-17 02:29:11 pm', 10, 'W5', 3, 0, NULL, 0, '', 0),
(25333, '0019', '', '500', 1, '', 1, '2020-12-17 02:31:04 pm', 10, '', 3, 0, NULL, 0, '', 0),
(25334, '0020', '', '180', 2, '1', 0, '2020-12-17 02:31:30 pm', 10, 'TAKE_AWAY_Bill', 3, 0, NULL, 0, '', 0),
(25335, '0021', '', '480', 2, '1', 1, '2020-12-17 02:33:57 pm', 10, 'W1', 3, 0, NULL, 0, '', 0),
(25336, '0022', '', '200', 2, '1', 0, '2020-12-17 02:34:51 pm', 10, 'TAKE_AWAY_Bill', 3, 0, NULL, 0, '', 0),
(25337, '0023', '', '180', 2, '1', 1, '2020-12-17 02:38:35 pm', 10, 'W5', 3, 0, NULL, 0, '', 0),
(25338, '0024', '', '1950', 2, '1', 1, '2020-12-17 02:39:06 pm', 10, 'W1', 3, 0, NULL, 0, '', 0),
(25339, '0025', '', '300', 1, '', 1, '2020-12-17 02:39:36 pm', 10, '', 3, 0, NULL, 0, '', 0),
(25340, '0026', '', '180', 2, '1', 0, '2020-12-17 02:42:14 pm', 10, 'TAKE_AWAY_Bill', 3, 0, NULL, 0, '', 0),
(25341, '0027', '', '420', 2, '1', 0, '2020-12-17 02:46:20 pm', 10, 'W1', 3, 0, NULL, 0, '', 0),
(25342, '0028', '', '645', 2, '1', 0, '2020-12-17 02:47:53 pm', 10, 'w6', 3, 0, NULL, 0, '', 0),
(25343, '0029', '', '720', 2, '1', 1, '2020-12-17 02:48:52 pm', 10, 'W2', 3, 0, NULL, 0, '', 0),
(25344, '0030', '145', '500', 3, '', 1, '2020-12-17 04:09:32 pm', 10, '', 5, 9, 9, 0, '', 0),
(25345, '0031', '2435', '350', 3, '', 1, '2020-12-17 06:20:20 pm', 10, '', 5, 9, 9, 0, '', 0),
(25346, '0032', '2720', '800', 3, '', 1, '2020-12-17 06:40:36 pm', 10, '', 5, 9, 9, 0, '', 0),
(25347, '0033', '', '650', 1, '', 1, '2020-12-17 06:56:07 pm', 10, '', 3, 0, NULL, 0, '', 0),
(25348, '0034', '', '400', 2, '1', 0, '2020-12-17 06:56:36 pm', 10, 'TAKE_AWAY_Bill', 3, 0, NULL, 0, '', 0),
(25349, '0035', '', '2850', 1, '', 1, '2020-12-17 07:07:42 pm', 10, '', 3, 0, NULL, 0, '', 0),
(25350, '0036', '886', '550', 3, '', 1, '2020-12-17 07:08:12 pm', 10, '', 5, 10, 10, 0, '', 0),
(25351, '0037', '1d7', '950', 3, '', 1, '2020-12-17 07:13:05 pm', 10, '', 5, 10, 10, 0, '', 0),
(25352, '0038', '49d', '550', 3, '', 1, '2020-12-17 07:23:04 pm', 10, '', 5, 10, 10, 0, '', 0),
(25353, '0039', '', '50', 2, '1', 0, '2020-12-17 07:26:14 pm', 10, 'TAKE_AWAY_Bill', 3, 0, NULL, 0, '', 0),
(25354, '0040', '', '500', 1, '', 1, '2020-12-17 07:27:56 pm', 10, '', 4, 0, NULL, 0, '', 0),
(25355, '0041', '', '600', 1, '', 1, '2020-12-17 07:28:33 pm', 10, '', 3, 0, NULL, 0, '', 0),
(25356, '0042', '', '1150', 2, '1', 0, '2020-12-17 07:30:41 pm', 10, 'TAKE_AWAY_Bill', 3, 0, NULL, 0, '', 0),
(25357, '0043', '', '1300', 1, '', 1, '2020-12-17 07:31:33 pm', 10, '', 3, 0, NULL, 0, '', 0),
(25358, '0044', '', '380', 2, '1', 0, '2020-12-17 07:32:10 pm', 10, 'TAKE_AWAY_Bill', 3, 0, NULL, 0, '', 0),
(25359, '0045', '', '650', 1, '', 1, '2020-12-17 07:39:47 pm', 10, '', 3, 0, NULL, 0, '', 0),
(25360, '0046', '960', '400', 3, '', 1, '2020-12-17 07:40:43 pm', 10, '', 5, 10, 10, 0, '', 0),
(25361, '0047', '', '500', 1, '', 1, '2020-12-17 07:50:17 pm', 10, '', 3, 0, NULL, 0, '', 0),
(25362, '0048', '', '1040', 2, '1', 0, '2020-12-17 07:56:13 pm', 10, 'w6', 3, 0, NULL, 0, '', 0),
(25363, '0049', 'd02', '1000', 3, '', 1, '2020-12-17 07:57:43 pm', 10, '', 5, 10, 10, 0, '', 0),
(25364, '0050', '', '800', 1, '', 1, '2020-12-17 08:00:31 pm', 10, '', 3, 0, NULL, 0, '', 0),
(25365, '0051', '', '150', 2, '1', 0, '2020-12-17 08:01:18 pm', 10, 'TAKE_AWAY_Bill', 3, 0, NULL, 0, '', 0),
(25366, '0052', '', '730', 2, '1', 1, '2020-12-17 08:01:48 pm', 10, 'w4', 3, 0, NULL, 0, '', 0),
(25367, '0053', '', '1030', 2, '1', 1, '2020-12-17 08:04:42 pm', 10, 'W2', 3, 0, NULL, 0, '', 0),
(25368, '0054', '', '500', 2, '1', 0, '2020-12-17 08:07:00 pm', 10, 'TAKE_AWAY_Bill', 3, 0, NULL, 0, '', 0),
(25369, '0055', '', '1000', 1, '', 1, '2020-12-17 08:15:02 pm', 10, '', 3, 0, NULL, 0, '', 0),
(25370, '0056', '', '450', 1, '', 1, '2020-12-17 08:15:15 pm', 10, '', 3, 0, NULL, 0, '', 0),
(25371, '0057', '', '300', 1, '', 1, '2020-12-17 08:17:59 pm', 10, '', 3, 0, NULL, 0, '', 0),
(25372, '0058', '', '410', 2, '1', 1, '2020-12-17 08:18:22 pm', 10, 'TAKE_AWAY_Bill', 3, 0, NULL, 0, '', 0),
(25373, '0059', '', '240', 2, '1', 0, '2020-12-17 08:31:29 pm', 10, 'w6', 3, 0, NULL, 0, '', 0),
(25374, '0060', '', '500', 1, '', 1, '2020-12-17 08:31:44 pm', 10, '', 3, 0, NULL, 0, '', 0),
(25375, '0061', '', '300', 1, '', 1, '2020-12-17 08:33:03 pm', 10, '', 3, 0, NULL, 0, '', 0),
(25376, '0062', '', '280', 2, '1', 0, '2020-12-17 08:55:03 pm', 10, 'TAKE_AWAY_Bill', 3, 0, NULL, 0, '', 0),
(25377, '0063', '', '695', 2, '1', 1, '2020-12-17 08:59:28 pm', 10, 'W2', 3, 0, NULL, 0, '', 0),
(25378, '0064', '', '250', 2, '1', 1, '2020-12-17 08:59:59 pm', 10, 'W2', 3, 0, NULL, 0, '', 0),
(25379, '0065', '60b', '500', 3, '', 1, '2020-12-17 09:01:49 pm', 10, '', 5, 10, 10, 0, '', 0),
(25380, '0066', '', '200', 2, '1', 1, '2020-12-17 09:02:02 pm', 10, 'w4', 3, 0, NULL, 0, '', 0),
(25381, '0067', '', '200', 2, '1', 0, '2020-12-17 09:02:30 pm', 10, 'TAKE_AWAY_Bill', 3, 0, NULL, 0, '', 0),
(25382, '0068', '', '250', 2, '1', 0, '2020-12-17 09:05:37 pm', 10, 'TAKE_AWAY_Bill', 3, 0, NULL, 0, '', 0),
(25383, '0069', '', '220', 2, '1', 1, '2020-12-17 09:05:49 pm', 10, 'TAKE_AWAY_Bill', 3, 0, NULL, 0, '', 0),
(25384, '0070', '', '570', 2, '1', 0, '2020-12-17 09:12:29 pm', 10, 'W8', 3, 0, NULL, 0, '', 0),
(25385, '0071', '', '300', 1, '', 1, '2020-12-17 09:12:41 pm', 10, '', 3, 0, NULL, 0, '', 0),
(25386, '0072', '', '600', 1, '', 1, '2020-12-17 09:18:04 pm', 10, '', 3, 0, NULL, 0, '', 0),
(25387, '0073', '', '470', 2, '1', 1, '2020-12-17 09:20:12 pm', 10, 'W2', 3, 0, NULL, 0, '', 0),
(25388, '0074', '', '1350', 2, '1', 1, '2020-12-17 09:30:36 pm', 10, 'w6', 3, 0, NULL, 0, '', 0),
(25389, '0075', '', '300', 1, '', 1, '2020-12-17 09:32:34 pm', 10, '', 3, 0, NULL, 0, '', 0),
(25390, '0076', '', '1070', 2, '1', 1, '2020-12-17 09:34:49 pm', 10, 'W2', 3, 0, NULL, 0, '', 0),
(25391, '0077', '', '1150', 1, '', 1, '2020-12-17 09:36:16 pm', 10, '', 3, 0, NULL, 0, '', 0),
(25392, '0078', '', '520', 2, '1', 1, '2020-12-17 09:39:19 pm', 10, 'w4', 3, 0, NULL, 0, '', 0),
(25393, '0079', '', '510', 2, '1', 1, '2020-12-17 09:46:19 pm', 10, 'W2', 3, 0, NULL, 0, '', 0),
(25394, '0080', '4de', '500', 3, '', 1, '2020-12-17 09:47:58 pm', 10, '', 5, 10, 10, 0, '', 0),
(25395, '0081', '', '20400', 2, '1', 0, '2023-05-01 09:43:32 pm', 10, 'W3', 4, 0, NULL, 0, '', 0),
(25396, '0082', '', '500', 1, '', 1, '2023-05-03 08:12:12 pm', 10, '', 3, 0, NULL, 0, '', 0),
(25397, '0083', '', '0', 1, '', 1, '2023-05-03 08:13:08 pm', 10, '', 3, 0, NULL, 0, '', 0),
(25398, '0084', '', '550', 1, '', 1, '2023-05-03 08:17:19 pm', 10, '', 3, 0, NULL, 0, '', 0),
(25399, '0085', '', '650', 1, '', 1, '2023-05-03 08:22:17 pm', 10, '', 3, 0, NULL, 0, '', 0),
(25400, '0086', '', '40', 1, '', 1, '2023-05-03 08:23:35 pm', 10, '', 3, 0, NULL, 0, '', 0),
(25401, '0087', '', '40', 1, '', 1, '2023-05-03 08:24:48 pm', 10, '', 3, 0, NULL, 0, '', 0),
(25402, '0088', '', '1200', 1, '', 1, '2023-05-03 08:26:44 pm', 10, '', 3, 0, NULL, 0, '', 0),
(25403, '0089', '', '650', 1, '', 1, '2023-05-03 08:27:20 pm', 10, '', 3, 0, NULL, 0, '', 0),
(25404, '0090', '', '40', 1, '', 1, '2023-05-03 09:09:32 pm', 10, '', 3, 0, NULL, 0, '', 0),
(25405, '0091', '', '500', 1, '', 1, '2023-05-03 09:09:53 pm', 10, '', 3, 0, NULL, 0, '', 0),
(25406, '0092', '', '50', 1, '', 1, '2023-05-03 09:20:54 pm', 10, '', 3, 0, NULL, 0, '', 0),
(25407, '0093', '', '600', 1, '', 1, '2023-05-03 09:31:56 pm', 10, '', 3, 0, NULL, 0, '', 0),
(25408, '0094', '', '600', 1, '', 1, '2023-05-03 09:32:26 pm', 10, '', 3, 0, NULL, 0, '', 0),
(25409, '0095', '', '550', 1, '', 1, '2023-05-03 09:34:38 pm', 10, '', 3, 0, NULL, 0, '', 0),
(25410, '0096', '', '550', 1, '', 1, '2023-05-03 09:35:07 pm', 10, '', 3, 0, NULL, 0, '', 0),
(25411, '0097', '', '500', 1, '', 1, '2023-05-03 09:37:18 pm', 10, '', 3, 0, NULL, 0, '', 0),
(25412, '0098', '', '500', 1, '', 1, '2023-05-03 09:38:33 pm', 10, '', 3, 0, NULL, 0, '', 0),
(25413, '0099', '', '600', 1, '', 1, '2023-05-03 09:39:21 pm', 10, '', 3, 0, NULL, 0, '', 0),
(25414, '0102', '', '550', 1, '', 1, '2023-05-03 09:49:02 pm', 10, '', 3, 0, NULL, 0, '', 0),
(25415, '0103', '', '550', 1, '', 1, '2023-05-03 09:50:46 pm', 10, '', 5, 0, NULL, 0, '', 0),
(25416, '0104', '', '4', 1, '', 1, '2023-05-03 09:52:23 pm', 10, '', 3, 0, NULL, 0, '', 0),
(25417, '0105', '', '550', 1, '', 1, '2023-05-03 09:54:40 pm', 10, '', 3, 0, NULL, 0, '', 0),
(25418, '0106', '', '4', 1, '', 1, '2023-05-03 09:55:55 pm', 10, '', 3, 0, NULL, 0, '', 0),
(25419, '0107', '', '1000', 1, '', 1, '2023-05-03 09:56:51 pm', 10, '', 3, 0, NULL, 0, '', 0),
(25420, '0108', '', '550', 1, '', 1, '2023-05-03 09:57:18 pm', 10, '', 3, 0, NULL, 0, '', 0),
(25421, '0109', '', '550', 1, '', 1, '2023-05-03 09:58:24 pm', 10, '', 3, 0, NULL, 0, '', 0),
(25422, '0110', '', '550', 1, '', 1, '2023-05-03 09:59:35 pm', 10, '', 3, 0, NULL, 0, '', 0),
(25423, '0111', '', '50', 1, '', 1, '2023-05-03 10:01:33 pm', 10, '', 3, 0, NULL, 0, '', 0),
(25424, '0112', '', '20', 1, '', 1, '2023-05-03 10:02:51 pm', 10, '', 3, 0, NULL, 0, '', 0),
(25425, '0113', '', '150', 1, '', 1, '2023-05-03 10:04:12 pm', 10, '', 3, 0, NULL, 0, '', 0),
(25426, '0114', '', '500', 1, '', 1, '2023-05-03 10:07:26 pm', 10, '', 3, 0, NULL, 0, '', 0),
(25427, '0115', '', '550', 2, '1', 0, '2023-05-03 10:08:00 pm', 10, 'W1', 3, 0, NULL, 0, '', 0),
(25428, '0116', '8909', '1150', 3, '', 1, '2023-05-03 10:08:27 pm', 10, '', 3, 9, 9, 0, '', 0);

-- --------------------------------------------------------

--
-- Table structure for table `supplier`
--

CREATE TABLE `supplier` (
  `supplier_id` int(4) NOT NULL,
  `supplier_name` varchar(65) NOT NULL DEFAULT '',
  `supplier_items` varchar(65) NOT NULL DEFAULT '',
  `balance` varchar(65) NOT NULL DEFAULT ''
) ENGINE=InnoDB DEFAULT CHARSET=latin1;

--
-- Dumping data for table `supplier`
--

INSERT INTO `supplier` (`supplier_id`, `supplier_name`, `supplier_items`, `balance`) VALUES
(1, 'HAMDHA PRODUCTS', 'SPICES', '1424'),
(2, 'EGG', 'EGG', '3600'),
(3, 'BEEF ALI', 'BEEF', '712'),
(4, 'BEEF ZAROOK', 'BEEF', '712'),
(5, 'SALMAN CHICKEN', 'CHICKEN', '2136'),
(6, 'ICHI CHICKEN', 'CHICKEN', '0'),
(7, 'NISANTHA', 'IDIYAAPPA', '0'),
(8, 'SADA STORE', 'GROCERY', '0'),
(9, 'SALMAN', 'IDIYAAPA', '0'),
(10, 'CARGILLS', 'ICE CREAM', '0');

-- --------------------------------------------------------

--
-- Table structure for table `supplier_acc`
--

CREATE TABLE `supplier_acc` (
  `supplier_acc_id` int(4) NOT NULL,
  `supplier_bill_no` varchar(65) NOT NULL DEFAULT '',
  `supplier_id` int(11) NOT NULL,
  `item_quntity` varchar(65) NOT NULL DEFAULT '',
  `item_price` varchar(65) NOT NULL DEFAULT '',
  `total` varchar(65) NOT NULL DEFAULT '',
  `bill_balance` varchar(65) NOT NULL DEFAULT '',
  `bill_by` text NOT NULL,
  `bill_date` text NOT NULL
) ENGINE=InnoDB DEFAULT CHARSET=utf8mb4;

--
-- Dumping data for table `supplier_acc`
--

INSERT INTO `supplier_acc` (`supplier_acc_id`, `supplier_bill_no`, `supplier_id`, `item_quntity`, `item_price`, `total`, `bill_balance`, `bill_by`, `bill_date`) VALUES
(1, '0001', 1, '1', '200', '200', '0', '10', '2020-08-07 06:14:34 pm'),
(2, '0002', 2, '560', '21', '11760', '0', '10', '2020-08-07 09:53:25 pm'),
(3, '0003', 2, '560', '21', '11760', '0', '10', '2020-08-07 09:55:40 pm'),
(4, '0004', 2, '200', '21', '4200', '0', '10', '2020-08-07 09:59:20 pm'),
(5, '0005', 10, '1', '9000', '9000', '0', '10', '2020-08-07 10:25:01 pm'),
(6, '0006', 6, '75.7', '530', '40121', '0', '10', '2020-08-08 02:16:50 am'),
(7, '0007', 2, '52', '80', '4160', '0', '15', '2020-08-09 01:12:52 am'),
(8, '0008', 4, '10', '500', '5000', '0', '15', '2020-08-09 01:14:01 am'),
(9, '0009', 6, '17.8', '530', '9434', '0', '10', '2020-08-09 01:27:49 pm'),
(10, '0010', 4, '10', '850', '8500', '0', '10', '2020-08-09 01:35:27 pm'),
(11, '0011', 5, '54.6', '530', '28938', '0', '10', '2020-08-10 12:19:47 pm'),
(12, '0012', 2, '400', '21', '8400', '0', '10', '2020-08-10 02:09:46 pm'),
(13, '0013', 10, '25', '73', '1825', '0', '10', '2020-08-10 06:08:45 pm'),
(14, '0014', 2, '21.5', '400', '8600', '0', '10', '2020-08-11 12:31:02 pm'),
(15, '0015', 10, '25', '73', '1825', '0', '10', '2020-08-11 12:38:13 pm'),
(16, '0016', 8, '14', '150', '2100', '0', '10', '2020-08-12 03:36:42 pm'),
(17, '0017', 8, '10', '280', '2800', '0', '10', '2020-08-12 03:36:51 pm'),
(18, '0018', 10, '35', '73', '2555', '0', '10', '2020-08-13 04:22:05 pm'),
(19, '0019', 10, '30', '73', '2190', '0', '10', '2020-08-14 03:47:23 pm'),
(20, '0020', 2, '21.5', '560', '12040', '0', '10', '2020-08-16 12:56:09 pm'),
(21, '0021', 10, '25', '73', '1825', '0', '10', '2020-08-19 08:01:41 pm'),
(22, '0022', 2, '200', '18', '3600', '3600', '25', '2020-10-02 09:22:34 pm'),
(23, '0023', 5, '8', '89', '712', '712', '10', '2023-05-03 08:28:16 pm'),
(24, '0024', 5, '8', '89', '712', '712', '10', '2023-05-03 08:28:52 pm'),
(25, '0025', 5, '8', '89', '712', '712', '10', '2023-05-03 08:28:59 pm'),
(26, '0026', 3, '8', '89', '712', '712', '10', '2023-05-03 08:29:38 pm'),
(27, '0027', 1, '8', '89', '712', '712', '10', '2023-05-03 09:00:43 pm'),
(28, '0028', 4, '8', '89', '712', '712', '10', '2023-05-03 09:00:54 pm'),
(29, '0029', 1, '8', '89', '712', '712', '10', '2023-05-03 09:09:22 pm');

-- --------------------------------------------------------

--
-- Table structure for table `supplier_payment`
--

CREATE TABLE `supplier_payment` (
  `supplier_payment_id` int(4) NOT NULL,
  `supplier_bill_no` varchar(65) NOT NULL DEFAULT '',
  `supplier_id` varchar(65) NOT NULL DEFAULT '',
  `pay` varchar(65) NOT NULL DEFAULT '',
  `bill_by` varchar(65) NOT NULL DEFAULT '',
  `bill_date` varchar(65) NOT NULL DEFAULT '',
  `print_bill` int(11) DEFAULT NULL
) ENGINE=InnoDB DEFAULT CHARSET=utf8mb4;

--
-- Dumping data for table `supplier_payment`
--

INSERT INTO `supplier_payment` (`supplier_payment_id`, `supplier_bill_no`, `supplier_id`, `pay`, `bill_by`, `bill_date`, `print_bill`) VALUES
(1, '0001', '1', '20', '10', '2020-08-07 06:14:58 pm', NULL),
(2, '0001', '1', '180', '10', '2020-08-07 06:15:07 pm', NULL),
(3, '0002', '2', '11760', '10', '2020-08-07 09:55:11 pm', NULL),
(4, '0003', '2', '10000', '10', '2020-08-07 09:56:07 pm', NULL),
(5, '0004', '2', '4200', '10', '2020-08-07 10:00:04 pm', NULL),
(6, '0003', '2', '1760', '10', '2020-08-07 10:00:16 pm', NULL),
(7, '0008', '4', '5000', '15', '2020-08-09 01:15:51 am', NULL),
(8, '0006', '6', '40121', '15', '2020-08-09 01:15:53 am', NULL),
(9, '0007', '2', '4160', '15', '2020-08-09 01:15:58 am', NULL),
(10, '0005', '10', '9000', '10', '2020-08-09 01:36:08 pm', NULL),
(11, '0010', '4', '8500', '10', '2020-08-09 09:11:00 pm', NULL),
(12, '0009', '6', '9434', '10', '2020-08-09 11:12:15 pm', NULL),
(13, '0012', '2', '8400', '10', '2020-08-10 09:44:15 pm', NULL),
(14, '0011', '5', '28938', '10', '2020-08-10 10:07:13 pm', NULL),
(15, '0013', '10', '1825', '10', '2020-08-10 10:16:31 pm', NULL),
(16, '0014', '2', '8600', '10', '2020-08-11 09:39:20 pm', NULL),
(17, '0015', '10', '1825', '10', '2020-08-12 10:37:04 pm', NULL),
(18, '0018', '10', '2555', '10', '2020-08-13 10:29:02 pm', NULL),
(19, '0020', '2', '12040', '10', '2020-08-16 10:08:54 pm', 0),
(20, '0019', '10', '2190', '10', '2020-08-19 10:03:45 pm', 0),
(21, '0021', '10', '1825', '10', '2020-08-19 10:03:50 pm', 0),
(22, '0016', '8', '2100', '10', '2020-08-19 10:03:57 pm', 0),
(23, '0017', '8', '2800', '10', '2020-08-19 10:04:00 pm', 0);

-- --------------------------------------------------------

--
-- Table structure for table `table_no`
--

CREATE TABLE `table_no` (
  `table_id` int(4) NOT NULL,
  `table_no` varchar(65) NOT NULL DEFAULT '',
  `states` varchar(65) NOT NULL DEFAULT '',
  `waiter` text
) ENGINE=InnoDB DEFAULT CHARSET=latin1;

--
-- Dumping data for table `table_no`
--

INSERT INTO `table_no` (`table_id`, `table_no`, `states`, `waiter`) VALUES
(3, 'A-1', '', 'W1'),
(4, 'A-2', '', 'W2'),
(5, 'A-3', '', NULL),
(6, 'B-1', '', NULL),
(7, 'B-2', '', NULL),
(8, 'B-3', '', NULL),
(9, 'C-1', '', NULL),
(10, 'C-2', '', NULL),
(11, 'C-3', '', NULL),
(12, 'D1', '', NULL);

-- --------------------------------------------------------

--
-- Table structure for table `temp_bill`
--

CREATE TABLE `temp_bill` (
  `temp_id` int(4) NOT NULL,
  `refernumber` text NOT NULL,
  `itemname_id` varchar(65) NOT NULL DEFAULT '',
  `category_id` varchar(65) NOT NULL DEFAULT '',
  `value` varchar(65) NOT NULL DEFAULT '',
  `total` varchar(65) NOT NULL,
  `quantity` int(11) NOT NULL,
  `cashier` varchar(65) NOT NULL DEFAULT '',
  `waiter` varchar(255) NOT NULL,
  `bill_type` varchar(65) NOT NULL DEFAULT '',
  `deliver_service` int(11) NOT NULL,
  `driver` int(11) DEFAULT NULL,
  `table_no` varchar(65) NOT NULL DEFAULT '',
  `temp_date` varchar(65) NOT NULL DEFAULT ''
) ENGINE=InnoDB DEFAULT CHARSET=latin1;

-- --------------------------------------------------------

--
-- Table structure for table `users`
--

CREATE TABLE `users` (
  `user_id` int(4) NOT NULL,
  `uname` varchar(65) NOT NULL DEFAULT '',
  `upassword` varchar(65) NOT NULL DEFAULT '',
  `user_type` varchar(65) NOT NULL DEFAULT '',
  `states` varchar(65) NOT NULL DEFAULT '',
  `dateTime` varchar(255) NOT NULL,
  `lastUpdate` varchar(255) NOT NULL
) ENGINE=InnoDB DEFAULT CHARSET=latin1;

--
-- Dumping data for table `users`
--

INSERT INTO `users` (`user_id`, `uname`, `upassword`, `user_type`, `states`, `dateTime`, `lastUpdate`) VALUES
(10, 'HUMAID', '25f9e794323b453885f5181f1b624d0b', 'Cashier', 'Active', '2020-05-29 02:25:35 pm', ''),
(11, 'Indika', '25f9e794323b453885f5181f1b624d0b', 'Admin', 'Active', '2020-05-29 02:26:09 pm', ''),
(15, 'Jiffry', '3b9be7e15b46c42911f39a4a9e861022', 'Cashier', 'Active', '2020-06-11 06:25:35 pm', ''),
(16, 'MJiffry', 'e1d4b23fb807f2a1de063bfb84a468d4', 'Admin', 'Active', '2020-06-11 06:27:33 pm', ''),
(17, 'manju', 'f0d0ddc38e27d44224637a8498ecc8bc', 'Cashier', 'Active', '2020-06-11 06:38:16 pm', ''),
(25, 'insam', '6074c6aa3488f3c2dddff2a7ca821aab', 'Cashier', 'Active', '2020-07-01 11:24:40 pm', '');

-- --------------------------------------------------------

--
-- Table structure for table `waiter`
--

CREATE TABLE `waiter` (
  `waiter_id` int(4) NOT NULL,
  `waiter_no` varchar(65) NOT NULL DEFAULT '',
  `waiter_name` varchar(65) NOT NULL DEFAULT ''
) ENGINE=InnoDB DEFAULT CHARSET=utf8mb4;

--
-- Dumping data for table `waiter`
--

INSERT INTO `waiter` (`waiter_id`, `waiter_no`, `waiter_name`) VALUES
(1, 'W1', 'Safdithn'),
(2, 'W2', 'Santha'),
(3, 'W3', 'Iqbal'),
(5, 'W5', 'Bai'),
(7, 'W7', 'Sakir'),
(8, 'W8', 'Asjath'),
(9, 'W9', 'Nawsath'),
(10, 'P2', 'p2'),
(11, 'TAKE_AWAY_Bill', 'Take a way bill'),
(27, 'w4', 'Dilshan'),
(28, 'w6', 'Rifadh');

--
-- Indexes for dumped tables
--

--
-- Indexes for table `bil_table`
--
ALTER TABLE `bil_table`
  ADD PRIMARY KEY (`id`);

--
-- Indexes for table `categories`
--
ALTER TABLE `categories`
  ADD PRIMARY KEY (`categories_id`);

--
-- Indexes for table `deliver_service`
--
ALTER TABLE `deliver_service`
  ADD PRIMARY KEY (`deliver_id`);

--
-- Indexes for table `drive`
--
ALTER TABLE `drive`
  ADD PRIMARY KEY (`drive_id`);

--
-- Indexes for table `items`
--
ALTER TABLE `items`
  ADD PRIMARY KEY (`itemname_id`);

--
-- Indexes for table `kot`
--
ALTER TABLE `kot`
  ADD PRIMARY KEY (`id`);

--
-- Indexes for table `payment_method`
--
ALTER TABLE `payment_method`
  ADD PRIMARY KEY (`payment_method_id`);

--
-- Indexes for table `shop_setting`
--
ALTER TABLE `shop_setting`
  ADD PRIMARY KEY (`id`);

--
-- Indexes for table `sum_bill`
--
ALTER TABLE `sum_bill`
  ADD PRIMARY KEY (`id`);

--
-- Indexes for table `supplier`
--
ALTER TABLE `supplier`
  ADD PRIMARY KEY (`supplier_id`);

--
-- Indexes for table `supplier_acc`
--
ALTER TABLE `supplier_acc`
  ADD PRIMARY KEY (`supplier_acc_id`);

--
-- Indexes for table `supplier_payment`
--
ALTER TABLE `supplier_payment`
  ADD PRIMARY KEY (`supplier_payment_id`);

--
-- Indexes for table `table_no`
--
ALTER TABLE `table_no`
  ADD PRIMARY KEY (`table_id`);

--
-- Indexes for table `temp_bill`
--
ALTER TABLE `temp_bill`
  ADD PRIMARY KEY (`temp_id`);

--
-- Indexes for table `users`
--
ALTER TABLE `users`
  ADD PRIMARY KEY (`user_id`);

--
-- Indexes for table `waiter`
--
ALTER TABLE `waiter`
  ADD PRIMARY KEY (`waiter_id`);

--
-- AUTO_INCREMENT for dumped tables
--

--
-- AUTO_INCREMENT for table `bil_table`
--
ALTER TABLE `bil_table`
  MODIFY `id` int(4) NOT NULL AUTO_INCREMENT, AUTO_INCREMENT=42381;

--
-- AUTO_INCREMENT for table `categories`
--
ALTER TABLE `categories`
  MODIFY `categories_id` int(4) NOT NULL AUTO_INCREMENT, AUTO_INCREMENT=29;

--
-- AUTO_INCREMENT for table `deliver_service`
--
ALTER TABLE `deliver_service`
  MODIFY `deliver_id` int(4) NOT NULL AUTO_INCREMENT, AUTO_INCREMENT=13;

--
-- AUTO_INCREMENT for table `drive`
--
ALTER TABLE `drive`
  MODIFY `drive_id` int(4) NOT NULL AUTO_INCREMENT, AUTO_INCREMENT=10;

--
-- AUTO_INCREMENT for table `items`
--
ALTER TABLE `items`
  MODIFY `itemname_id` int(4) NOT NULL AUTO_INCREMENT, AUTO_INCREMENT=246;

--
-- AUTO_INCREMENT for table `kot`
--
ALTER TABLE `kot`
  MODIFY `id` int(4) NOT NULL AUTO_INCREMENT, AUTO_INCREMENT=2;

--
-- AUTO_INCREMENT for table `payment_method`
--
ALTER TABLE `payment_method`
  MODIFY `payment_method_id` int(4) NOT NULL AUTO_INCREMENT, AUTO_INCREMENT=7;

--
-- AUTO_INCREMENT for table `shop_setting`
--
ALTER TABLE `shop_setting`
  MODIFY `id` int(4) NOT NULL AUTO_INCREMENT, AUTO_INCREMENT=2;

--
-- AUTO_INCREMENT for table `sum_bill`
--
ALTER TABLE `sum_bill`
  MODIFY `id` int(4) NOT NULL AUTO_INCREMENT, AUTO_INCREMENT=25429;

--
-- AUTO_INCREMENT for table `supplier`
--
ALTER TABLE `supplier`
  MODIFY `supplier_id` int(4) NOT NULL AUTO_INCREMENT, AUTO_INCREMENT=11;

--
-- AUTO_INCREMENT for table `supplier_acc`
--
ALTER TABLE `supplier_acc`
  MODIFY `supplier_acc_id` int(4) NOT NULL AUTO_INCREMENT, AUTO_INCREMENT=30;

--
-- AUTO_INCREMENT for table `supplier_payment`
--
ALTER TABLE `supplier_payment`
  MODIFY `supplier_payment_id` int(4) NOT NULL AUTO_INCREMENT, AUTO_INCREMENT=24;

--
-- AUTO_INCREMENT for table `table_no`
--
ALTER TABLE `table_no`
  MODIFY `table_id` int(4) NOT NULL AUTO_INCREMENT, AUTO_INCREMENT=13;

--
-- AUTO_INCREMENT for table `temp_bill`
--
ALTER TABLE `temp_bill`
  MODIFY `temp_id` int(4) NOT NULL AUTO_INCREMENT;

--
-- AUTO_INCREMENT for table `users`
--
ALTER TABLE `users`
  MODIFY `user_id` int(4) NOT NULL AUTO_INCREMENT, AUTO_INCREMENT=26;

--
-- AUTO_INCREMENT for table `waiter`
--
ALTER TABLE `waiter`
  MODIFY `waiter_id` int(4) NOT NULL AUTO_INCREMENT, AUTO_INCREMENT=29;
COMMIT;

/*!40101 SET CHARACTER_SET_CLIENT=@OLD_CHARACTER_SET_CLIENT */;
/*!40101 SET CHARACTER_SET_RESULTS=@OLD_CHARACTER_SET_RESULTS */;
/*!40101 SET COLLATION_CONNECTION=@OLD_COLLATION_CONNECTION */;
